event_group_id,origin_time_utc,location_name,latitude,longitude,initial_magnitude,max_magnitude,initial_depth_km,final_depth_km,coastal_proximity_index,first_bulletin_delay_min,final_bulletin_delay_min,bulletin_count,max_bulletin_number,danger_tier,danger_label,target_alert_level,confirmed_threat_flag,potential_threat_flag,no_threat_flag,sea_level_confirmed_flag,observed_max_wave_m,wave_height_source,has_threat_assessment,training_weight
20120411085800,2012-04-11T08:38:00+00:00,Off West Coast of Northern Sumatra,2.33,93.04,8.3,8.3,10.0,10.0,0.75,20.0,628.0,4,4,2,confirmed_threat,4,True,True,False,True,0.8,observed,True,6
20120725113100,2012-07-25T11:20:00+00:00,SolomonIslands,-9.74,159.79,6.8,6.8,43.0,43.0,0.39999999999999997,11.0,11.0,1,1,1,potential_threat,2,False,True,False,False,,imputed,False,3
20120814031100,2012-08-14T02:59:00+00:00,SeaofOkhotsk,49.59,145.1,7.2,7.2,498.0,498.0,0.5,12.0,12.0,1,1,1,potential_threat,2,False,True,False,False,,imputed,False,3
20120826151500,2012-08-26T15:05:00+00:00,NorthernMoluccaSea,2.2,126.92,6.8,6.8,88.0,88.0,0.55,10.0,10.0,1,1,1,potential_threat,2,False,True,False,False,,imputed,False,3
20120831125800,2012-08-31T12:47:00+00:00,Philippine Islands Region,10.49,126.92,7.7,7.7,90.0,90.0,0.35,11.0,11.0,1,1,1,potential_threat,2,False,True,False,False,,imputed,False,3
20120903183400,2012-09-03T18:23:00+00:00,"SouthofJava,Indonesia",-11.07,113.86,6.5,6.5,10.0,10.0,0.44999999999999996,11.0,11.0,1,1,1,potential_threat,2,False,True,False,False,,imputed,False,3
20120905152700,2012-09-05T14:42:00+00:00,CostaRica,10.12,-84.81,8.0,8.0,10.0,10.0,0.35,45.0,45.0,1,1,1,potential_threat,2,False,True,False,False,,imputed,False,3
20120930171100,2012-09-30T16:31:00+00:00,Colombia,1.91,-76.61,7.1,7.1,201.0,201.0,0.39999999999999997,40.0,40.0,1,1,1,potential_threat,2,False,True,False,False,,imputed,False,3
20121012004300,2012-10-12T00:31:00+00:00,"IrianJayaRegion,Indonesia",-4.92,134.07,7.0,7.0,22.0,22.0,0.49999999999999994,12.0,12.0,1,1,1,potential_threat,2,False,True,False,False,,imputed,False,3
20121020231600,2012-10-20T23:00:00+00:00,VanuatuIslands,-13.6,166.6,6.7,6.7,64.0,64.0,0.35,16.0,16.0,1,1,1,potential_threat,2,False,True,False,False,,imputed,False,3
20121024020700,2012-10-24T00:45:00+00:00,NearCoastofNicaragua,11.09,-86.48,7.1,7.1,83.0,83.0,0.35,82.0,82.0,1,1,1,potential_threat,2,False,True,False,False,,imputed,False,3
20121028042300,2012-10-28T03:04:00+00:00,QueenCharlotteIslandsRegion,52.78,-131.04,7.3,7.3,19.0,19.0,0.35,79.0,79.0,1,1,1,potential_threat,2,False,True,False,False,,imputed,False,3
20121111012100,2012-11-11T01:12:00+00:00,Myanmar,22.58,95.96,6.7,6.7,10.0,10.0,0.35,9.0,9.0,1,1,1,potential_threat,2,False,True,False,False,,imputed,False,3
20121207082900,2012-12-07T08:18:00+00:00,"OffEastCoastofHonshu,Japan",37.83,144.17,7.6,7.6,10.0,10.0,0.35,11.0,11.0,1,1,1,potential_threat,2,False,True,False,False,,imputed,False,3
20121207084500,2012-12-07T08:31:00+00:00,"OffEastCoastofHonshu,Japan",37.82,143.59,6.9,6.9,10.0,10.0,0.35,14.0,14.0,1,1,1,potential_threat,2,False,True,False,False,,imputed,False,3
20121210170300,2012-12-10T16:53:00+00:00,BandaSea,-6.74,129.99,7.4,7.4,170.0,170.0,0.55,10.0,10.0,1,1,1,potential_threat,2,False,True,False,False,,imputed,False,3
20121221224200,2012-12-21T22:28:00+00:00,VanuatuIslands,-14.41,167.27,6.6,6.6,222.0,222.0,0.35,14.0,14.0,1,1,1,potential_threat,2,False,True,False,False,,imputed,False,3
20130105092500,2013-01-05T08:58:00+00:00,SoutheasternAlaska,55.28,-134.87,7.4,7.4,10.0,10.0,0.35,27.0,27.0,1,1,1,potential_threat,2,False,True,False,False,,imputed,False,3
20130130203800,2013-01-30T20:15:00+00:00,Central Chile,-28.04,-70.6,6.9,6.9,10.0,10.0,0.35,23.0,23.0,1,1,1,potential_threat,2,False,True,False,False,,imputed,False,3
20130202143300,2013-02-02T14:17:00+00:00,"Hokkaido, Japan Region",42.37,142.91,6.6,6.6,153.0,153.0,0.35,16.0,16.0,1,1,1,potential_threat,2,False,True,False,False,,imputed,False,3
20130206012600,2013-02-06T01:12:00+00:00,SantaCruzIslandsRegion,-11.04,164.43,7.4,7.4,15.0,15.0,0.35,14.0,14.0,1,1,1,potential_threat,2,False,True,False,False,,imputed,False,3
20130207191000,2013-02-07T18:59:00+00:00,SantaCruzIslands,-11.0,165.45,6.5,6.5,10.0,10.0,0.35,11.0,11.0,1,1,1,potential_threat,2,False,True,False,False,,imputed,False,3
20130208112100,2013-02-08T11:12:00+00:00,SantaCruzIslands,-11.02,165.97,6.8,6.8,10.0,10.0,0.35,9.0,9.0,1,1,1,potential_threat,2,False,True,False,False,,imputed,False,3
20130208153600,2013-02-08T15:26:00+00:00,SantaCruzIslands,-10.87,165.92,7.0,7.0,10.0,10.0,0.35,10.0,10.0,1,1,1,potential_threat,2,False,True,False,False,,imputed,False,3
20130209143900,2013-02-09T14:15:00+00:00,Colombia,1.19,-77.08,6.9,6.9,10.0,10.0,0.39999999999999997,24.0,24.0,1,1,1,potential_threat,2,False,True,False,False,,imputed,False,3
20130228144000,2013-02-28T14:05:00+00:00,NearEastCoastofKamchatka,50.9,157.54,6.7,6.7,44.0,44.0,0.35,35.0,35.0,1,1,1,potential_threat,2,False,True,False,False,,imputed,False,3
20130301133500,2013-03-01T13:20:00+00:00,NearEastCoastofKamchatka,51.07,158.43,6.6,6.6,28.0,28.0,0.35,15.0,15.0,1,1,1,potential_threat,2,False,True,False,False,,imputed,False,3
20130406045000,2013-04-06T04:42:00+00:00,"IrianJaya,Indonesia",-3.2,138.75,7.2,7.2,173.0,173.0,0.49999999999999994,8.0,8.0,1,1,1,potential_threat,2,False,True,False,False,,imputed,False,3
20130416105800,2013-04-16T10:44:00+00:00,SouthernIran,27.89,62.16,7.6,7.6,95.0,95.0,0.35,14.0,14.0,1,1,1,potential_threat,2,False,True,False,False,,imputed,False,3
20130416230800,2013-04-16T22:55:00+00:00,"Near N.Coast of New Guinea, PNG",-3.29,142.19,6.6,6.6,19.0,19.0,0.75,13.0,13.0,1,1,1,potential_threat,2,False,True,False,False,,imputed,False,3
20130419031800,2013-04-19T03:05:00+00:00,KurilIslands,46.38,151.33,7.3,7.3,96.0,96.0,0.35,13.0,13.0,1,1,1,potential_threat,2,False,True,False,False,,imputed,False,3
20130514004500,2013-05-14T00:32:00+00:00,MarianaIslands,18.56,145.18,6.5,6.5,594.0,594.0,0.35,13.0,13.0,1,1,1,potential_threat,2,False,True,False,False,,imputed,False,3
20130523173200,2013-05-23T17:19:00+00:00,SouthofFijiIslands,-22.93,-176.77,7.3,7.3,172.0,172.0,0.35,13.0,13.0,1,1,1,potential_threat,2,False,True,False,False,,imputed,False,3
20130524055800,2013-05-24T05:44:00+00:00,SeaofOkhotsk,55.11,154.29,8.0,8.0,529.0,529.0,0.5,14.0,14.0,1,1,1,potential_threat,2,False,True,False,False,,imputed,False,3
20130613165500,2013-06-13T16:47:00+00:00,"SouthofJava,Indonesia",-10.35,107.04,6.5,6.5,57.0,57.0,0.44999999999999996,8.0,8.0,1,1,1,potential_threat,2,False,True,False,False,,imputed,False,3
20130707184700,2013-07-07T18:35:00+00:00,"NewIrelandRegion,P.N.G.",-3.94,153.97,6.5,6.5,386.0,386.0,0.39999999999999997,12.0,12.0,1,1,1,potential_threat,2,False,True,False,False,,imputed,False,3
20130707185100,2013-07-07T18:35:00+00:00,"NewIrelandRegion,P.N.G.",-3.94,153.97,6.5,6.5,386.0,386.0,0.39999999999999997,16.0,16.0,1,1,1,potential_threat,2,False,True,False,False,,imputed,False,3
20130707204000,2013-07-07T20:30:00+00:00,"NewBritainRegion,P.N.G.",-6.09,149.75,6.6,6.6,90.0,90.0,0.39999999999999997,10.0,10.0,1,1,1,potential_threat,2,False,True,False,False,,imputed,False,3
20130721235600,2013-07-21T23:45:00+00:00,"Gansu,China",34.54,104.21,6.6,6.6,10.0,10.0,0.35,11.0,11.0,1,1,1,potential_threat,2,False,True,False,False,,imputed,False,3
20130812010000,2013-08-12T00:53:00+00:00,"TanimbarIslandsReg.,Indonesia",-7.32,130.0,6.5,6.5,121.0,121.0,0.49999999999999994,7.0,7.0,1,1,1,potential_threat,2,False,True,False,False,,imputed,False,3
20130813161500,2013-08-13T15:43:00+00:00,South Of Panama,5.77,-78.19,6.6,6.6,10.0,10.0,0.39999999999999997,32.0,32.0,1,1,1,potential_threat,2,False,True,False,False,,imputed,False,3
20130830164800,2013-08-30T16:25:00+00:00,"AndreanofIslands,AleutianIslands",51.43,-175.58,6.7,6.7,10.0,10.0,0.35,23.0,23.0,1,1,1,potential_threat,2,False,True,False,False,,imputed,False,3
20130901115900,2013-09-01T11:52:00+00:00,BandaSea,-7.75,128.4,6.6,6.6,131.0,131.0,0.55,7.0,7.0,1,1,1,potential_threat,2,False,True,False,False,,imputed,False,3
20130924114700,2013-09-24T11:29:00+00:00,Pakistan,27.04,65.49,7.5,7.5,29.0,29.0,0.35,18.0,18.0,1,1,1,potential_threat,2,False,True,False,False,,imputed,False,3
20130925170700,2013-09-25T16:42:00+00:00,Near Coast of Peru,-15.96,-74.46,7.0,7.0,10.0,10.0,0.7,25.0,25.0,1,1,1,potential_threat,2,False,True,False,False,,imputed,False,3
20130928074800,2013-09-28T07:34:00+00:00,Pakistan,27.27,65.62,6.7,6.7,42.0,42.0,0.35,14.0,14.0,1,1,1,potential_threat,2,False,True,False,False,,imputed,False,3
20131001035600,2013-10-01T03:38:00+00:00,Sea Of Okhotsk,53.2,152.83,6.6,6.6,573.0,573.0,0.5,18.0,18.0,1,1,1,potential_threat,2,False,True,False,False,,imputed,False,3
20131012133000,2013-10-12T13:11:00+00:00,"Crete,Greece",35.6,23.48,6.7,6.7,34.0,34.0,0.35,19.0,19.0,1,1,1,potential_threat,2,False,True,False,False,,imputed,False,3
20131015002400,2013-10-15T00:12:00+00:00,"Mindanao,Philippines",9.65,124.24,7.2,7.2,31.0,31.0,0.39999999999999997,12.0,12.0,1,1,1,potential_threat,2,False,True,False,False,,imputed,False,3
20131016103900,2013-10-16T10:31:00+00:00,SolomonIslands,-6.57,155.15,6.9,6.9,52.0,52.0,0.39999999999999997,8.0,8.0,1,1,1,potential_threat,2,False,True,False,False,,imputed,False,3
20131025172600,2013-10-25T17:10:00+00:00,"OffEastCoastofHonshu,Japan",37.05,144.62,7.2,7.2,10.0,10.0,0.35,16.0,16.0,1,1,1,potential_threat,2,False,True,False,False,,imputed,False,3
20131112072000,2013-11-12T07:03:00+00:00,NearEastCoastofKamchatka,54.92,162.05,6.5,6.5,75.0,75.0,0.35,17.0,17.0,1,1,1,potential_threat,2,False,True,False,False,,imputed,False,3
20131117092900,2013-11-17T09:04:00+00:00,Scotia Sea,-60.39,-46.55,7.4,7.4,10.0,10.0,0.5,25.0,25.0,1,1,1,potential_threat,2,False,True,False,False,,imputed,False,3
20131201013000,2013-12-01T01:24:00+00:00,BandaSea,-6.89,128.47,6.7,6.7,40.0,40.0,0.55,6.0,6.0,1,1,1,potential_threat,2,False,True,False,False,,imputed,False,3
20140125052300,2014-01-25T05:14:00+00:00,"Java,Indonesia",-8.48,109.17,6.5,6.5,48.0,48.0,0.49999999999999994,9.0,9.0,1,1,1,potential_threat,2,False,True,False,False,,imputed,False,3
20140310053700,2014-03-10T05:18:00+00:00,Near Coast of N. California,40.94,-124.89,6.5,6.5,10.0,10.0,0.7,19.0,19.0,1,1,1,potential_threat,2,False,True,False,False,,imputed,False,3
20140316213600,2014-03-16T21:16:00+00:00,Near Coast of Northern Chile,-19.94,-70.6,6.6,6.6,15.0,15.0,0.7,20.0,20.0,1,1,1,potential_threat,2,False,True,False,False,,imputed,False,3
20140402002200,2014-04-01T23:46:00+00:00,Near Coast of Northern Chile,-19.61,-70.83,8.0,8.0,10.0,10.0,0.7,36.0,36.0,1,1,1,potential_threat,2,False,True,False,False,,imputed,False,3
20140403030200,2014-04-03T02:43:00+00:00,NearCoastofNorthernChile,-20.44,-70.55,7.6,7.6,10.0,10.0,0.35,19.0,19.0,1,1,1,potential_threat,2,False,True,False,False,,imputed,False,3
20140411071700,2014-04-11T07:07:00+00:00,SolomonIslands,-6.57,155.06,7.0,7.0,43.0,43.0,0.39999999999999997,10.0,10.0,1,1,1,potential_threat,2,False,True,False,False,,imputed,False,3
20140412203900,2014-04-12T20:24:00+00:00,SolomonIslands,-11.27,162.43,7.2,7.2,28.0,28.0,0.35,15.0,15.0,1,1,1,potential_threat,2,False,True,False,False,,imputed,False,3
20140413124800,2014-04-13T12:36:00+00:00,SolomonIslands,-11.43,162.17,7.5,7.5,58.0,58.0,0.35,12.0,12.0,1,1,1,potential_threat,2,False,True,False,False,,imputed,False,3
20140415042100,2014-04-15T03:57:00+00:00,BouvetIslandRegion,-53.66,8.81,6.7,6.7,10.0,10.0,0.35,24.0,24.0,1,1,1,potential_threat,2,False,True,False,False,,imputed,False,3
20140418144300,2014-04-18T14:27:00+00:00,"Guerrero,Mexico",17.5,-100.94,7.2,7.2,10.0,10.0,0.35,16.0,16.0,1,1,1,potential_threat,2,False,True,False,False,,imputed,False,3
20140419133600,2014-04-19T13:28:00+00:00,SolomonIslands,-6.74,154.91,7.5,7.5,60.0,60.0,0.39999999999999997,8.0,8.0,1,1,1,potential_threat,2,False,True,False,False,,imputed,False,3
20140424032600,2014-04-24T03:10:00+00:00,"VancouverIsland,CanadaRegion",49.81,-127.36,6.7,6.7,10.0,10.0,0.35,16.0,16.0,1,1,1,potential_threat,2,False,True,False,False,,imputed,False,3
20140501064700,2014-05-01T06:36:00+00:00,SoutheastofLoyaltyIslands,-21.36,170.35,6.7,6.7,123.0,123.0,0.35,11.0,11.0,1,1,1,potential_threat,2,False,True,False,False,,imputed,False,3
20140508171400,2014-05-08T17:15:00+00:00,"Guerrero,Mexico",17.32,-100.75,6.7,6.7,10.0,10.0,0.35,-1.0,-1.0,1,1,1,potential_threat,2,False,True,False,False,,imputed,False,3
20140513065600,2014-05-13T06:35:00+00:00,SouthofPanama,7.22,-82.31,6.5,6.5,10.0,10.0,0.39999999999999997,21.0,21.0,1,1,1,potential_threat,2,False,True,False,False,,imputed,False,3
20140515082700,2014-05-15T08:16:00+00:00,"E.CarolineIslands,Micronesia",6.38,144.93,6.5,6.5,10.0,10.0,0.39999999999999997,11.0,11.0,1,1,1,potential_threat,2,False,True,False,False,,imputed,False,3
20140614112100,2014-06-14T11:11:00+00:00,SouthIndianOcean,-9.88,91.01,6.5,6.5,10.0,10.0,0.39999999999999997,10.0,10.0,1,1,1,potential_threat,2,False,True,False,False,,imputed,False,3
20140619103500,2014-06-19T10:17:00+00:00,VanuatuIslands,-13.58,166.87,6.6,6.6,50.0,50.0,0.35,18.0,18.0,1,1,1,potential_threat,2,False,True,False,False,,imputed,False,3
20140623193200,2014-06-23T19:19:00+00:00,"KermadecIslands,NewZealand",-29.62,-177.23,6.8,6.8,80.0,80.0,0.35,13.0,13.0,1,1,1,potential_threat,2,False,True,False,False,,imputed,False,3
20140623214200,2014-06-23T21:11:00+00:00,"RatIslands,AleutianIslands",51.95,178.43,8.1,8.1,109.0,109.0,0.35,31.0,31.0,1,1,1,potential_threat,2,False,True,False,False,,imputed,False,3
20140707113600,2014-07-07T11:23:00+00:00,"NearCoastofChiapas,Mexico",14.88,-92.3,7.0,7.0,82.0,82.0,0.35,13.0,13.0,1,1,1,potential_threat,2,False,True,False,False,,imputed,False,3
20140711193500,2014-07-11T19:22:00+00:00,"OffEastCoastofHonshu,Japan",37.13,142.33,6.8,6.8,10.0,10.0,0.35,13.0,13.0,1,1,1,potential_threat,2,False,True,False,False,,imputed,False,3
20140721150500,2014-07-21T14:54:00+00:00,FijiIslandsRegion,-19.79,-178.3,6.5,6.5,621.0,621.0,0.35,11.0,11.0,1,1,1,potential_threat,2,False,True,False,False,,imputed,False,3
20140803004300,2014-08-03T00:26:00+00:00,"E.CarolineIslands,Micronesia",1.15,146.41,6.7,6.7,35.0,35.0,0.39999999999999997,17.0,17.0,1,1,1,potential_threat,2,False,True,False,False,,imputed,False,3
20140824234100,2014-08-24T23:21:00+00:00,CentralPeru,-14.44,-73.45,7.0,7.0,10.0,10.0,0.35,20.0,20.0,1,1,1,potential_threat,2,False,True,False,False,,imputed,False,3
20140917132711,2014-09-17T06:14:55+00:00,Mariana Islands,13.66,144.31,6.5,6.5,213.0,213.0,0.35,432.26666666666665,432.26666666666665,1,1,1,potential_threat,2,False,True,False,False,,imputed,False,3
20141009092658,2014-10-09T02:14:32+00:00,Southern East Pacific Rise,-32.17,-110.85,6.9,6.9,10.0,10.0,0.35,432.43333333333334,432.43333333333334,1,1,1,potential_threat,2,False,True,False,False,,imputed,False,3
20141014110834,2014-10-14T03:51:41+00:00,Near Coast of Nicaragua,12.69,-87.94,7.1,7.1,94.0,94.0,0.7,436.8833333333333,436.8833333333333,1,1,1,potential_threat,2,False,True,False,False,,imputed,False,3
20141107104153,2014-11-07T03:33:58+00:00,"New Britain Region, P.N.G.",-6.12,148.2,6.5,6.5,71.0,71.0,0.39999999999999997,427.9166666666667,427.9166666666667,1,1,1,potential_threat,2,False,True,False,False,,imputed,False,3
20141115093933,2014-11-15T02:31:44+00:00,Northern Molucca Sea,1.96,126.46,7.3,7.3,48.0,48.0,0.55,427.81666666666666,671.2,6,6,2,confirmed_threat,4,True,True,False,True,0.09,observed,True,6
20141117055001,2014-11-16T22:33:25+00:00,"Off E. Coast of N. Island, N.Z.",-37.47,179.47,6.6,6.6,44.0,44.0,0.7,436.6,436.6,1,1,1,potential_threat,2,False,True,False,False,,imputed,False,3
20141121171459,2014-11-21T10:10:19+00:00,Northern Molucca Sea,2.31,127.08,6.7,6.7,10.0,10.0,0.55,424.6666666666667,424.6666666666667,1,1,1,potential_threat,2,False,True,False,False,,imputed,False,3
20141126213458,2014-11-26T14:33:44+00:00,Northern Molucca Sea,1.99,126.5,6.8,6.8,10.0,10.0,0.55,421.23333333333335,421.23333333333335,1,1,1,potential_threat,2,False,True,False,False,,imputed,False,3
20141207083304,2014-12-07T01:22:06+00:00,Solomon Islands,-6.64,154.32,6.5,6.5,36.0,36.0,0.39999999999999997,430.96666666666664,430.96666666666664,1,1,1,potential_threat,2,False,True,False,False,,imputed,False,3
20141208161146,2014-12-08T08:54:52+00:00,Panama-Costa Rica Border Region,8.09,-82.61,6.5,6.5,10.0,10.0,0.39999999999999997,436.9,436.9,1,1,1,potential_threat,2,False,True,False,False,,imputed,False,3
20150217061842,2015-02-16T23:06:27+00:00,"Near East Coast of Honshu, Japan",39.85,142.95,6.7,6.7,10.0,10.0,0.7,432.25,432.25,1,1,1,potential_threat,2,False,True,False,False,,imputed,False,3
20150219203214,2015-02-19T13:18:34+00:00,Vanuatu Islands,-16.49,168.11,6.5,6.5,10.0,10.0,0.35,433.6666666666667,433.6666666666667,1,1,1,potential_threat,2,False,True,False,False,,imputed,False,3
20150227205242,2015-02-27T13:45:03+00:00,Flores Sea,-7.55,122.6,7.1,7.1,572.0,572.0,0.55,427.65,427.65,1,1,1,potential_threat,2,False,True,False,False,,imputed,False,3
20150330070154,2015-03-29T23:48:33+00:00,"New Britain Region, P.N.G.",-4.76,152.6,7.1,7.1,62.0,62.0,0.39999999999999997,433.35,433.35,1,1,1,potential_threat,2,False,True,False,False,,imputed,False,3
20150505085138,2015-05-05T01:44:07+00:00,"New Britain Region, P.N.G.",-5.63,152.11,7.4,7.4,51.0,51.0,0.39999999999999997,427.51666666666665,427.51666666666665,1,1,1,potential_threat,2,False,True,False,False,,imputed,False,3
20150507141951,2015-05-07T07:10:25+00:00,Solomon Islands,-7.32,154.49,7.1,7.1,38.0,38.0,0.39999999999999997,429.43333333333334,429.43333333333334,1,1,1,potential_threat,2,False,True,False,False,,imputed,False,3
20150513042936,2015-05-12T21:12:56+00:00,"Near East Coast of Honshu, Japan",38.92,141.89,6.6,6.6,11.0,11.0,0.7,436.6666666666667,436.6666666666667,1,1,1,potential_threat,2,False,True,False,False,,imputed,False,3
20150523045403,2015-05-22T21:45:20+00:00,Solomon Islands,-11.1,163.85,6.7,6.7,39.0,39.0,0.35,428.71666666666664,428.71666666666664,1,1,1,potential_threat,2,False,True,False,False,,imputed,False,3
20150529141723,2015-05-29T07:00:05+00:00,Alaska Peninsula,56.79,-156.9,6.8,6.8,32.0,32.0,0.35,437.3,437.3,1,1,1,potential_threat,2,False,True,False,False,,imputed,False,3
20150530184431,2015-05-30T11:23:01+00:00,"Bonin Islands, Japan Region",27.79,140.46,7.8,7.8,663.0,663.0,0.35,441.5,441.5,1,1,1,potential_threat,2,False,True,False,False,,imputed,False,3
20150617202338,2015-06-17T12:51:31+00:00,Southern Mid Atlantic Ridge,-35.38,-17.73,6.5,6.5,10.0,10.0,0.35,452.1166666666667,452.1166666666667,1,1,1,potential_threat,2,False,True,False,False,,imputed,False,3
20150707123056,2015-07-07T05:10:30+00:00,East of Kuril Islands,43.87,148.14,6.5,6.5,71.0,71.0,0.35,440.43333333333334,440.43333333333334,1,1,1,potential_threat,2,False,True,False,False,,imputed,False,3
20150710112239,2015-07-10T04:12:41+00:00,Solomon Islands,-9.3,158.38,6.6,6.6,10.0,10.0,0.39999999999999997,429.96666666666664,429.96666666666664,1,1,1,potential_threat,2,False,True,False,False,,imputed,False,3
20150718094056,2015-07-18T02:27:32+00:00,Santa Cruz Islands,-10.29,165.24,7.3,7.3,10.0,10.0,0.35,433.4,433.4,1,1,1,potential_threat,2,False,True,False,False,,imputed,False,3
20150727120951,2015-07-27T04:49:43+00:00,"Fox Islands, Aleutian Islands",52.35,-169.56,6.8,6.8,10.0,10.0,0.35,440.1333333333333,440.1333333333333,1,1,1,potential_threat,2,False,True,False,False,,imputed,False,3
20150728045301,2015-07-27T21:41:23+00:00,"Irian Jaya, Indonesia",-2.87,138.53,7.2,7.2,49.0,49.0,0.49999999999999994,431.6333333333333,431.6333333333333,1,1,1,potential_threat,2,False,True,False,False,,imputed,False,3
20150810113037,2015-08-10T04:12:17+00:00,Solomon Islands,-9.34,158.11,6.6,6.6,42.0,42.0,0.39999999999999997,438.3333333333333,438.3333333333333,1,1,1,potential_threat,2,False,True,False,False,,imputed,False,3
20150813015931,2015-08-12T18:49:25+00:00,Solomon Islands,-9.29,157.87,6.6,6.6,10.0,10.0,0.39999999999999997,430.1,430.1,1,1,1,potential_threat,2,False,True,False,False,,imputed,False,3
20150815150051,2015-08-15T07:47:09+00:00,Solomon Islands,-10.84,163.9,6.5,6.5,34.0,34.0,0.35,433.7,433.7,1,1,1,potential_threat,2,False,True,False,False,,imputed,False,3
20150917061731,2015-09-16T22:54:30+00:00,Near Coast of Central Chile,-31.54,-71.58,7.9,7.9,10.0,10.0,0.7,443.01666666666665,443.01666666666665,1,1,1,potential_threat,2,False,True,False,False,,imputed,False,3
20150917063439,2015-09-16T23:18:50+00:00,Near Coast of Central Chile,-31.6,-71.37,7.5,7.5,101.0,101.0,0.7,435.81666666666666,435.81666666666666,1,1,1,potential_threat,2,False,True,False,False,,imputed,False,3
20150917090246,2015-09-17T01:41:12+00:00,Near Coast of Central Chile,-31.21,-71.56,6.5,6.5,69.0,69.0,0.7,441.56666666666666,441.56666666666666,1,1,1,potential_threat,2,False,True,False,False,,imputed,False,3
20150922005215,2015-09-21T17:40:00+00:00,Near Coast of Central Chile,-31.74,-71.38,6.7,6.7,36.0,36.0,0.7,432.25,432.25,1,1,1,potential_threat,2,False,True,False,False,,imputed,False,3
20150924231022,2015-09-24T15:53:30+00:00,"Irian Jaya Region, Indonesia",-0.64,131.26,6.8,6.8,20.0,20.0,0.49999999999999994,436.8666666666667,436.8666666666667,1,1,1,potential_threat,2,False,True,False,False,,imputed,False,3
20151021045951,2015-10-20T21:52:01+00:00,Vanuatu Islands,-14.82,167.38,7.1,7.1,126.0,126.0,0.35,427.8333333333333,427.8333333333333,1,1,1,potential_threat,2,False,True,False,False,,imputed,False,3
20151026161931,2015-10-26T09:09:31+00:00,"Hindu Kush Region, Afghanistan",36.49,70.81,7.5,7.5,195.0,195.0,0.35,430.0,430.0,1,1,1,potential_threat,2,False,True,False,False,,imputed,False,3
20151107145025,2015-11-07T07:31:41+00:00,Near Coast of Central Chile,-30.87,-71.32,6.6,6.6,24.0,24.0,0.7,438.73333333333335,438.73333333333335,1,1,1,potential_threat,2,False,True,False,False,,imputed,False,3
20151119014040,2015-11-18T18:31:08+00:00,Solomon Islands,-9.17,158.54,6.6,6.6,47.0,47.0,0.39999999999999997,429.53333333333336,429.53333333333336,1,1,1,potential_threat,2,False,True,False,False,,imputed,False,3
20151125060156,2015-11-24T22:45:13+00:00,Peru-Brazil Border Region,-10.12,-70.79,7.0,7.0,354.0,354.0,0.35,436.71666666666664,436.71666666666664,1,1,1,potential_threat,2,False,True,False,False,,imputed,False,3
20151125060739,2015-11-24T22:50:54+00:00,Peru-Brazil Border Region,-10.03,-71.05,7.3,7.3,613.0,613.0,0.35,436.75,436.75,1,1,1,potential_threat,2,False,True,False,False,,imputed,False,3
20151205053934,2015-12-04T22:24:55+00:00,Southeast Indian Ridge,-47.78,85.26,6.9,6.9,10.0,10.0,0.35,434.65,434.65,1,1,1,potential_threat,2,False,True,False,False,,imputed,False,3
20151209172659,2015-12-09T10:21:49+00:00,"Seram, Indonesia",-3.98,129.56,6.9,6.9,10.0,10.0,0.49999999999999994,425.1666666666667,425.1666666666667,1,1,1,potential_threat,2,False,True,False,False,,imputed,False,3
20160104061619,2016-01-03T23:05:23+00:00,Myanmar-India Border Region,24.63,93.4,6.7,6.7,65.0,65.0,0.35,430.93333333333334,430.93333333333334,1,1,1,potential_threat,2,False,True,False,False,,imputed,False,3
20160114103823,2016-01-14T03:25:33+00:00,"Hokkaido, Japan Region",42.05,142.73,6.8,6.8,54.0,54.0,0.35,432.8333333333333,432.8333333333333,1,1,1,potential_threat,2,False,True,False,False,,imputed,False,3
20160124174806,2016-01-24T10:30:30+00:00,Southern Alaska,59.74,-153.55,7.1,7.1,122.0,122.0,0.35,437.6,437.6,1,1,1,potential_threat,2,False,True,False,False,,imputed,False,3
20160130105145,2016-01-30T03:25:13+00:00,"Kamchatka Peninsula, Russia",54.0,158.65,6.9,6.9,200.0,200.0,0.35,446.53333333333336,446.53333333333336,1,1,1,potential_threat,2,False,True,False,False,,imputed,False,3
20160208232607,2016-02-08T16:19:16+00:00,Solomon Islands,-6.67,154.61,6.5,6.5,53.0,53.0,0.39999999999999997,426.85,426.85,1,1,1,potential_threat,2,False,True,False,False,,imputed,False,3
20160212170946,2016-02-12T10:02:24+00:00,"Sumba Region, Indonesia",-9.77,119.34,6.6,6.6,10.0,10.0,0.49999999999999994,427.3666666666667,427.3666666666667,1,1,1,potential_threat,2,False,True,False,False,,imputed,False,3
20160302201933,2016-03-02T12:49:41+00:00,"Southwest of Sumatra, Indonesia",-5.16,94.05,8.3,8.3,10.0,10.0,0.49999999999999994,449.8666666666667,603.3,4,4,2,confirmed_threat,4,True,True,False,True,0.1,observed,True,6
20160403153732,2016-04-03T08:23:52+00:00,Vanuatu Islands,-14.32,166.82,6.8,6.8,33.0,33.0,0.35,433.6666666666667,433.6666666666667,1,1,1,potential_threat,2,False,True,False,False,,imputed,False,3
20160406141123,2016-04-06T06:58:48+00:00,Vanuatu Islands,-14.17,166.6,6.6,6.6,10.0,10.0,0.35,432.5833333333333,432.5833333333333,1,1,1,potential_threat,2,False,True,False,False,,imputed,False,3
20160407104806,2016-04-07T03:33:00+00:00,Vanuatu Islands,-13.94,166.54,6.5,6.5,67.0,67.0,0.35,435.1,435.1,1,1,1,potential_threat,2,False,True,False,False,,imputed,False,3
20160415233917,2016-04-15T16:25:09+00:00,"Kyushu, Japan",32.69,130.84,6.8,6.8,43.0,43.0,0.35,434.1333333333333,434.1333333333333,1,1,1,potential_threat,2,False,True,False,False,,imputed,False,3
20160417071240,2016-04-16T23:58:36+00:00,Near Coast of Ecuador,0.48,-79.78,7.6,7.6,10.0,10.0,0.75,434.06666666666666,434.06666666666666,1,1,1,potential_threat,2,False,True,False,False,,imputed,False,3
20160417074830,2016-04-17T00:29:32+00:00,Near Coast of Ecuador,-0.21,-80.33,7.1,7.1,10.0,10.0,0.75,438.96666666666664,438.96666666666664,1,1,1,potential_threat,2,False,True,False,False,,imputed,False,3
20160429024246,2016-04-28T19:33:30+00:00,Vanuatu Islands,-16.02,167.51,6.9,6.9,76.0,76.0,0.35,429.26666666666665,429.26666666666665,1,1,1,potential_threat,2,False,True,False,False,,imputed,False,3
20160518151941,2016-05-18T07:57:00+00:00,Near Coast of Ecuador,0.45,-79.79,6.8,6.8,10.0,10.0,0.75,442.68333333333334,442.68333333333334,1,1,1,potential_threat,2,False,True,False,False,,imputed,False,3
20160519000406,2016-05-18T16:46:41+00:00,Near Coast of Ecuador,0.45,-79.63,6.7,6.7,10.0,10.0,0.75,437.4166666666667,437.4166666666667,1,1,1,potential_threat,2,False,True,False,False,,imputed,False,3
20160528125248,2016-05-28T05:38:50+00:00,Fiji Islands Region,-21.89,-178.13,6.7,6.7,414.0,414.0,0.35,433.96666666666664,433.96666666666664,1,1,1,potential_threat,2,False,True,False,False,,imputed,False,3
20160528171011,2016-05-28T09:46:52+00:00,South Sandwich Islands Region,-56.25,-26.89,7.3,7.3,10.0,10.0,0.35,443.31666666666666,443.31666666666666,1,1,1,potential_threat,2,False,True,False,False,,imputed,False,3
20160602060332,2016-06-01T22:56:01+00:00,"Southern Sumatra, Indonesia",-2.29,100.46,6.5,6.5,72.0,72.0,0.49999999999999994,427.51666666666665,427.51666666666665,1,1,1,potential_threat,2,False,True,False,False,,imputed,False,3
20160608022118,2016-06-07T19:15:14+00:00,Northern Molucca Sea,1.35,126.42,6.6,6.6,10.0,10.0,0.55,426.06666666666666,426.06666666666666,1,1,1,potential_threat,2,False,True,False,False,,imputed,False,3
20160730050606,2016-07-29T21:18:26+00:00,Mariana Islands,18.47,145.69,7.8,7.8,228.0,228.0,0.35,467.6666666666667,467.6666666666667,1,1,1,potential_threat,2,False,True,False,False,,imputed,False,3
20160812083627,2016-08-12T01:26:37+00:00,Southeast of Loyalty Islands,-22.65,173.27,7.2,7.2,33.0,33.0,0.35,429.8333333333333,429.8333333333333,1,1,1,potential_threat,2,False,True,False,False,,imputed,False,3
20160819144927,2016-08-19T07:32:23+00:00,South Georgia Island Region,-55.56,-31.44,7.2,7.2,10.0,10.0,0.35,437.06666666666666,437.06666666666666,1,1,1,potential_threat,2,False,True,False,False,,imputed,False,3
20160824174342,2016-08-24T10:34:53+00:00,Myanmar,20.85,94.5,7.0,7.0,70.0,70.0,0.35,428.81666666666666,428.81666666666666,1,1,1,potential_threat,2,False,True,False,False,,imputed,False,3
20160829114329,2016-08-29T04:29:58+00:00,North of Ascension Island,-0.07,-17.75,7.1,7.1,10.0,10.0,0.39999999999999997,433.51666666666665,433.51666666666665,1,1,1,potential_threat,2,False,True,False,False,,imputed,False,3
20160901235331,2016-09-01T16:38:04+00:00,"Off E. Coast of N. Island, N.Z.",-36.93,178.6,7.1,7.1,29.0,29.0,0.7,435.45,435.45,1,1,1,potential_threat,2,False,True,False,False,,imputed,False,3
20160924055905,2016-09-23T22:53:16+00:00,"Mindanao, Philippines",6.12,126.47,6.6,6.6,78.0,78.0,0.39999999999999997,425.81666666666666,425.81666666666666,1,1,1,potential_threat,2,False,True,False,False,,imputed,False,3
20161017132119,2016-10-17T06:15:00+00:00,"New Britain Region, P.N.G.",-6.13,149.07,6.5,6.5,88.0,88.0,0.39999999999999997,426.31666666666666,426.31666666666666,1,1,1,potential_threat,2,False,True,False,False,,imputed,False,3
20161019073354,2016-10-19T00:25:57+00:00,"Java, Indonesia",-5.29,108.0,6.5,6.5,654.0,654.0,0.49999999999999994,427.95,427.95,1,1,1,potential_threat,2,False,True,False,False,,imputed,False,3
20161122041221,2016-11-21T20:59:50+00:00,"Near East Coast of Honshu, Japan",37.38,141.36,7.3,7.3,10.0,10.0,0.7,432.51666666666665,432.51666666666665,1,1,1,potential_threat,2,False,True,False,False,,imputed,False,3
20161125015709,2016-11-24T18:43:53+00:00,Off Coast of Central America,11.95,-88.82,6.9,6.9,49.0,49.0,0.7,433.26666666666665,433.26666666666665,1,1,1,potential_threat,2,False,True,False,False,,imputed,False,3
20161209005107,2016-12-08T17:38:44+00:00,Solomon Islands,-10.66,161.35,8.2,8.2,20.0,20.0,0.35,432.3833333333333,432.3833333333333,1,1,1,potential_threat,2,False,True,False,False,,imputed,False,3
20161210022019,2016-12-09T19:10:07+00:00,Solomon Islands,-10.74,161.0,6.5,6.5,10.0,10.0,0.35,430.2,430.2,1,1,1,potential_threat,2,False,True,False,False,,imputed,False,3
20161217180152,2016-12-17T10:51:13+00:00,"New Ireland Region, P.N.G.",-4.51,153.56,7.1,7.1,117.0,117.0,0.39999999999999997,430.65,430.65,1,1,1,potential_threat,2,False,True,False,False,,imputed,False,3
20161221072310,2016-12-21T00:17:17+00:00,Banda Sea,-7.75,128.01,6.6,6.6,173.0,173.0,0.55,425.8833333333333,425.8833333333333,1,1,1,potential_threat,2,False,True,False,False,,imputed,False,3
20161225213225,2016-12-25T14:22:29+00:00,Southern Chile,-43.31,-73.65,7.6,7.6,57.0,57.0,0.35,429.93333333333334,429.93333333333334,1,1,1,potential_threat,2,False,True,False,False,,imputed,False,3
20161230053547,2016-12-29T22:30:19+00:00,"Sumbawa Region, Indonesia",-9.37,118.63,6.6,6.6,91.0,91.0,0.49999999999999994,425.46666666666664,425.46666666666664,1,1,1,potential_threat,2,False,True,False,False,,imputed,False,3
20170104050308,2017-01-03T21:52:29+00:00,South of Fiji Islands,-19.39,176.06,7.0,7.0,10.0,10.0,0.35,430.65,430.65,1,1,1,potential_threat,2,False,True,False,False,,imputed,False,3
20170110132003,2017-01-10T06:13:48+00:00,Celebes Sea,4.44,122.7,7.3,7.3,618.0,618.0,0.55,426.25,426.25,1,1,1,potential_threat,2,False,True,False,False,,imputed,False,3
20170122114029,2017-01-22T04:30:24+00:00,Solomon Islands,-6.11,155.18,7.9,7.9,176.0,176.0,0.39999999999999997,430.0833333333333,430.0833333333333,1,1,2,confirmed_threat,4,True,False,True,False,,imputed,False,6
20170210211120,2017-02-10T14:03:48+00:00,"Mindanao, Philippines",9.61,125.51,6.5,6.5,17.0,17.0,0.39999999999999997,427.53333333333336,427.53333333333336,1,1,2,confirmed_threat,4,True,False,True,False,,imputed,False,6
20170225003938,2017-02-24T17:28:44+00:00,South of Fiji Islands,-23.15,-178.72,6.5,6.5,416.0,416.0,0.35,430.9,430.9,1,1,2,confirmed_threat,4,True,False,True,False,,imputed,False,6
20170329112427,2017-03-29T04:09:32+00:00,"Kamchatka Peninsula, Russia",56.5,160.53,6.8,6.8,30.0,30.0,0.35,434.9166666666667,434.9166666666667,1,1,2,confirmed_threat,4,True,False,True,False,,imputed,False,6
20170425044732,2017-04-24T21:38:27+00:00,Near Coast of Central Chile,-33.04,-71.8,6.5,6.5,10.0,10.0,0.7,429.0833333333333,429.0833333333333,1,1,2,confirmed_threat,4,True,False,True,False,,imputed,False,6
20170429033031,2017-04-28T20:23:17+00:00,"Mindanao, Philippines",5.45,125.0,7.1,7.1,10.0,10.0,0.39999999999999997,427.23333333333335,427.23333333333335,1,1,2,confirmed_threat,4,True,False,True,False,,imputed,False,6
20170501195009,2017-05-01T12:31:56+00:00,Southeastern Alaska,59.96,-136.59,6.7,6.7,10.0,10.0,0.35,438.21666666666664,438.21666666666664,1,1,2,confirmed_threat,4,True,False,True,False,,imputed,False,6
20170509210211,2017-05-09T13:52:10+00:00,Vanuatu Islands,-14.59,167.38,6.8,6.8,163.0,163.0,0.35,430.01666666666665,430.01666666666665,1,1,2,confirmed_threat,4,True,False,True,False,,imputed,False,6
20170511064328,2017-05-10T23:23:37+00:00,South Sandwich Islands Region,-56.52,-25.98,6.7,6.7,10.0,10.0,0.35,439.85,439.85,1,1,2,confirmed_threat,4,True,False,True,False,,imputed,False,6
20170529214217,2017-05-29T14:35:22+00:00,"Sulawesi, Indonesia",-1.33,120.41,6.6,6.6,10.0,10.0,0.49999999999999994,426.9166666666667,426.9166666666667,1,1,0,no_threat,0,False,False,True,False,,imputed,False,1
20170614145111,2017-06-14T07:29:05+00:00,Mexico-Guatemala Border Region,15.08,-91.72,6.7,6.7,108.0,108.0,0.35,442.1,442.1,1,1,0,no_threat,0,False,False,True,False,,imputed,False,1
20170622194356,2017-06-22T12:31:03+00:00,Near Coast of Guatemala,13.78,-90.9,6.5,6.5,47.0,47.0,0.7,432.8833333333333,432.8833333333333,1,1,0,no_threat,0,False,False,True,False,,imputed,False,1
20170718065823,2017-07-17T23:34:17+00:00,Komandorskiye Ostrova Region,55.27,167.86,7.2,7.2,10.0,10.0,0.35,444.1,444.1,1,1,0,no_threat,0,False,False,True,False,,imputed,False,1
20170721054727,2017-07-20T22:31:13+00:00,"Dodecanese Islands, Greece",36.99,27.58,6.8,6.8,19.0,19.0,0.35,436.23333333333335,436.23333333333335,1,1,2,confirmed_threat,4,True,False,False,False,,imputed,False,6
20170813102342,2017-08-13T03:08:10+00:00,"Southern Sumatra, Indonesia",-3.75,101.56,6.6,6.6,10.0,10.0,0.49999999999999994,435.53333333333336,435.53333333333336,1,1,2,confirmed_threat,4,True,False,False,False,,imputed,False,6
20170819091731,2017-08-19T02:00:52+00:00,Fiji Islands Region,-17.88,-178.8,6.5,6.5,554.0,554.0,0.35,436.65,436.65,1,1,0,no_threat,0,False,False,True,False,,imputed,False,1
20170908130456,2017-09-08T04:49:14+00:00,"Off Coast of Chiapas, Mexico",14.4,-94.31,8.0,8.0,10.0,10.0,0.7,495.7,495.7,1,1,0,no_threat,0,False,False,True,False,,imputed,False,1
20171009055132,2017-10-08T22:34:20+00:00,"Rat Islands, Aleutian Islands",52.37,176.88,6.6,6.6,10.0,10.0,0.35,437.2,440.6333333333333,2,2,0,no_threat,0,False,False,True,False,,imputed,True,1
20171024175345,2017-10-24T10:47:46+00:00,Banda Sea,-7.36,123.08,6.6,6.6,569.0,569.0,0.55,425.98333333333335,425.98333333333335,1,1,2,confirmed_threat,4,True,False,False,False,,imputed,False,6
20171031075228,2017-10-31T00:42:10+00:00,Southeast of Loyalty Islands,-21.69,169.16,6.5,6.5,11.0,29.0,0.35,430.3,435.8,2,2,0,no_threat,0,False,False,True,False,,imputed,True,1
20171104161201,2017-11-04T09:00:18+00:00,Tonga Islands,-15.39,-173.31,6.6,6.7,10.0,10.0,0.35,431.71666666666664,443.8,2,2,0,no_threat,0,False,False,True,False,,imputed,True,1
20171108043404,2017-11-07T21:26:39+00:00,"New Guinea, Papua New Guinea",-4.31,143.49,6.6,6.6,115.0,116.0,0.39999999999999997,427.4166666666667,433.9,2,2,2,confirmed_threat,4,True,False,True,False,,imputed,True,6
20171119222050,2017-11-19T15:09:07+00:00,Loyalty Islands,-21.44,168.72,6.5,6.6,50.0,27.0,0.35,431.71666666666664,454.2,2,2,0,no_threat,0,False,False,True,False,,imputed,True,1
20171120055401,2017-11-19T22:43:29+00:00,Loyalty Islands,-21.32,168.79,6.9,7.1,10.0,14.0,0.35,430.53333333333336,493.6166666666667,2,2,0,no_threat,0,False,False,True,False,,imputed,True,1
20171208073103,2017-12-08T00:22:56+00:00,"W. Caroline Islands, Micronesia",9.98,140.27,6.8,6.8,34.0,37.0,0.39999999999999997,428.1166666666667,434.53333333333336,2,2,0,no_threat,0,False,False,True,False,,imputed,True,1
20171216022355,2017-12-15T16:47:59+00:00,"Java, Indonesia",-7.71,108.11,6.7,6.7,120.0,120.0,0.49999999999999994,575.9333333333333,609.35,2,2,2,confirmed_threat,4,True,False,True,False,,imputed,True,6
201801100251,2018-01-10T02:51:40+00:00,North of Honduras,18.09,-84.03,7.3,7.3,10.0,10.0,0.35,449.26666666666665,457.98333333333335,2,2,2,confirmed_threat,4,True,False,True,False,,imputed,True,6
201801140918,2018-01-14T09:18:45+00:00,Near Coast of Peru,-15.5,-74.43,7.6,7.6,33.0,33.0,0.7,438.8,438.8,1,1,0,no_threat,0,False,False,True,False,,imputed,False,1
201801230931,2018-01-23T09:31:39+00:00,Gulf of Alaska,55.93,-149.21,7.8,7.8,10.0,10.0,0.5,435.7,446.8833333333333,2,2,0,no_threat,0,False,False,True,False,,imputed,True,1
201802162339,2018-02-16T23:39:37+00:00,"Near Coast of Guerrero, Mexico",16.5,-98.13,7.0,7.0,10.0,10.0,0.7,457.48333333333335,457.48333333333335,1,1,0,no_threat,0,False,False,True,False,,imputed,False,1
201802251744,2018-02-25T17:44:45+00:00,"New Guinea, Papua New Guinea",-6.13,142.71,7.4,7.4,32.0,32.0,0.39999999999999997,437.06666666666666,437.06666666666666,1,1,0,no_threat,0,False,False,True,False,,imputed,False,1
201803081739,2018-03-08T17:39:54+00:00,"New Ireland Region, P.N.G.",-4.36,153.23,6.8,6.8,55.0,55.0,0.39999999999999997,433.8333333333333,433.8333333333333,1,1,0,no_threat,0,False,False,True,False,,imputed,False,1
201803252014,2018-03-25T20:14:47+00:00,Banda Sea,-6.77,129.84,6.9,6.9,169.0,169.0,0.55,426.8666666666667,426.8666666666667,1,1,0,no_threat,0,False,False,True,False,,imputed,False,1
201803260951,2018-03-26T09:51:03+00:00,"New Britain Region, P.N.G.",-5.58,151.51,6.5,6.5,78.0,78.0,0.39999999999999997,427.6333333333333,427.6333333333333,1,1,0,no_threat,0,False,False,True,False,,imputed,False,1
201803292125,2018-03-29T21:25:39+00:00,"New Britain Region, P.N.G.",-5.58,151.46,6.7,6.7,58.0,58.0,0.39999999999999997,428.5833333333333,428.5833333333333,1,1,0,no_threat,0,False,False,True,False,,imputed,False,1
201807060140,2018-07-06T01:40:01+00:00,Near East Coast of Kamchatka,51.51,158.06,6.5,6.5,25.0,25.0,0.7,435.21666666666664,435.21666666666664,1,1,0,no_threat,0,False,False,True,False,,imputed,False,1
201808051146,2018-08-05T11:46:35+00:00,"Sumbawa Region, Indonesia",-8.37,116.48,7.0,7.0,15.0,15.0,0.49999999999999994,427.3333333333333,427.3333333333333,1,1,0,no_threat,0,False,False,True,False,,imputed,False,1
201808140329,2018-08-14T03:29:50+00:00,South Sandwich Islands Region,-58.07,-24.83,6.6,6.6,10.0,10.0,0.35,435.8,435.8,1,1,0,no_threat,0,False,False,True,False,,imputed,False,1
201808190019,2018-08-19T00:19:39+00:00,Fiji Islands Region,-18.22,-177.89,7.8,8.2,618.0,566.0,0.35,429.78333333333336,516.2333333333333,2,2,0,no_threat,0,False,False,True,False,,imputed,True,1
201808190410,2018-08-19T04:10:22+00:00,"Sumbawa Region, Indonesia",-8.24,116.66,6.5,6.5,10.0,10.0,0.49999999999999994,425.21666666666664,425.21666666666664,1,1,0,no_threat,0,False,False,True,False,,imputed,False,1
201808190428,2018-08-19T04:28:59+00:00,Fiji Islands Region,-17.06,-177.99,6.6,6.6,426.0,426.0,0.35,429.6166666666667,429.6166666666667,1,1,0,no_threat,0,False,False,True,False,,imputed,False,1
201808191456,2018-08-19T14:56:27+00:00,"Sumbawa Region, Indonesia",-8.28,116.71,7.0,7.0,10.0,10.0,0.49999999999999994,425.0833333333333,425.0833333333333,1,1,0,no_threat,0,False,False,True,False,,imputed,False,1
201808212232,2018-08-21T22:32:27+00:00,Vanuatu Islands,-16.0,168.15,6.7,6.7,10.0,10.0,0.35,428.95,428.95,1,1,0,no_threat,0,False,False,True,False,,imputed,False,1
201808282235,2018-08-28T22:35:11+00:00,Mariana Islands Region,16.77,147.18,6.8,6.8,83.0,83.0,0.35,429.1166666666667,429.1166666666667,1,1,0,no_threat,0,False,False,True,False,,imputed,False,1
201808290352,2018-08-29T03:52:04+00:00,Southeast of Loyalty Islands,-21.96,170.13,6.6,6.6,87.0,87.0,0.35,429.51666666666665,429.51666666666665,1,1,0,no_threat,0,False,False,True,False,,imputed,False,1
201809051807,2018-09-05T18:07:58+00:00,"Hokkaido, Japan Region",42.78,141.83,6.8,6.8,10.0,10.0,0.35,429.65,429.65,1,1,0,no_threat,0,False,False,True,False,,imputed,False,1
201809061549,2018-09-06T15:49:17+00:00,Fiji Islands,-18.55,179.41,7.6,7.6,656.0,656.0,0.35,429.95,429.95,1,1,0,no_threat,0,False,False,True,False,,imputed,False,1
201809080716,2018-09-08T07:16:56+00:00,"Mindanao, Philippines",6.95,126.44,6.6,6.6,43.0,43.0,0.39999999999999997,427.3833333333333,427.3833333333333,1,1,0,no_threat,0,False,False,True,False,,imputed,False,1
201809091931,2018-09-09T19:31:39+00:00,Solomon Islands,-9.92,161.41,6.8,6.8,108.0,108.0,0.39999999999999997,428.55,428.55,1,1,0,no_threat,0,False,False,True,False,,imputed,False,1
201809100418,2018-09-10T04:18:58+00:00,South of Kermadec Islands,-32.07,-178.73,6.9,6.9,97.0,97.0,0.35,428.68333333333334,428.68333333333334,1,1,0,no_threat,0,False,False,True,False,,imputed,False,1
201809281002,2018-09-28T10:02:44+00:00,"Minahassa Peninsula, Sulawesi",-0.18,119.85,7.7,7.7,10.0,10.0,0.39999999999999997,428.8666666666667,428.8666666666667,1,1,0,no_threat,0,False,False,True,False,,imputed,False,1
201810102048,2018-10-10T20:48:19+00:00,"New Britain Region, P.N.G.",-5.83,151.62,6.6,6.6,10.0,10.0,0.39999999999999997,427.31666666666666,427.31666666666666,1,1,0,no_threat,0,False,False,True,False,,imputed,False,1
201810160028,2018-10-16T00:28:14+00:00,Southeast of Loyalty Islands,-21.65,169.72,6.6,6.6,30.0,30.0,0.35,430.6333333333333,430.6333333333333,1,1,0,no_threat,0,False,False,True,False,,imputed,False,1
201810160103,2018-10-16T01:03:45+00:00,Southeast of Loyalty Islands,-21.6,169.69,6.7,6.7,30.0,30.0,0.35,428.6333333333333,428.6333333333333,1,1,0,no_threat,0,False,False,True,False,,imputed,False,1
201810220616,2018-10-22T06:16:29+00:00,"Vancouver Island, Canada Region",49.3,-129.49,6.6,6.6,10.0,10.0,0.35,431.3666666666667,431.3666666666667,1,1,0,no_threat,0,False,False,True,False,,imputed,False,1
201810220622,2018-10-22T06:22:48+00:00,"Vancouver Island, Canada Region",49.17,-129.95,6.8,6.8,10.0,10.0,0.35,431.8833333333333,431.8833333333333,1,1,0,no_threat,0,False,False,True,False,,imputed,False,1
201810290654,2018-10-29T06:54:21+00:00,Drake Passage,-57.47,-66.46,6.7,6.7,10.0,10.0,0.35,434.8,434.8,1,1,0,no_threat,0,False,False,True,False,,imputed,False,1
201811182025,2018-11-18T20:25:46+00:00,Fiji Islands Region,-17.58,-178.32,6.6,6.6,642.0,642.0,0.35,429.98333333333335,429.98333333333335,1,1,0,no_threat,0,False,False,True,False,,imputed,False,1
201811301729,2018-11-30T17:29:23+00:00,Southern Alaska,61.46,-150.12,7.2,7.2,10.0,10.0,0.35,436.9166666666667,436.9166666666667,1,1,0,no_threat,0,False,False,True,False,,imputed,False,1
201812011327,2018-12-01T13:27:20+00:00,Banda Sea,-7.66,128.83,6.5,6.5,162.0,162.0,0.55,428.8333333333333,428.8333333333333,1,1,0,no_threat,0,False,False,True,False,,imputed,False,1
201812050418,2018-12-05T04:18:12+00:00,Southeast of Loyalty Islands,-21.93,169.55,7.6,7.6,39.0,39.0,0.35,429.2,429.2,1,1,0,no_threat,0,False,False,True,False,,imputed,False,1
201812110226,2018-12-11T02:26:15+00:00,South Sandwich Islands Region,-58.17,-26.81,7.8,7.8,10.0,10.0,0.35,436.51666666666665,436.51666666666665,1,1,0,no_threat,0,False,False,True,False,,imputed,False,1
201812201701,2018-12-20T17:01:55+00:00,Komandorskiye Ostrova Region,55.31,164.55,7.5,7.5,10.0,10.0,0.35,434.3333333333333,434.3333333333333,1,1,0,no_threat,0,False,False,True,False,,imputed,False,1
201812232308,2018-12-23T23:08:39+00:00,Tonga Islands,-20.36,-175.2,6.5,6.5,92.0,92.0,0.35,436.1,436.1,1,1,0,no_threat,0,False,False,True,False,,imputed,False,1
201812290339,2018-12-29T03:39:12+00:00,"Mindanao, Philippines",5.85,126.81,7.1,7.1,69.0,69.0,0.39999999999999997,428.75,428.75,1,1,0,no_threat,0,False,False,True,False,,imputed,False,1
201901061727,2019-01-06T17:27:18+00:00,Northern Molucca Sea,2.36,126.74,6.5,6.5,10.0,10.0,0.55,427.31666666666666,427.31666666666666,1,1,0,no_threat,0,False,False,True,False,,imputed,False,1
201901200132,2019-01-20T01:32:49+00:00,Near Coast of Central Chile,-30.02,-71.35,6.8,6.8,33.0,33.0,0.7,436.4,436.4,1,1,0,no_threat,0,False,False,True,False,,imputed,False,1
201901220510,2019-01-22T05:10:02+00:00,"South of Sumbawa, Indonesia",-10.65,118.97,6.7,6.7,10.0,22.0,0.44999999999999996,425.96666666666664,437.51666666666665,2,2,2,confirmed_threat,4,True,False,True,False,,imputed,True,6
201901221901,2019-01-22T19:01:47+00:00,Prince Edward Islands Region,-42.93,42.18,6.7,6.8,27.0,10.0,0.35,428.46666666666664,437.8833333333333,2,2,2,confirmed_threat,4,True,False,True,False,,imputed,True,6
201901260812,2019-01-26T08:12:48+00:00,"Aru Islands Region, Indonesia",-5.51,133.81,6.6,6.6,10.0,10.0,0.49999999999999994,425.48333333333335,425.48333333333335,1,1,2,confirmed_threat,4,True,False,False,False,,imputed,False,6
201904121140,2019-04-12T11:40:49+00:00,"Sulawesi, Indonesia",-1.9,122.54,6.9,6.9,10.0,10.0,0.49999999999999994,432.46666666666664,432.46666666666664,1,1,0,no_threat,0,False,False,False,False,,imputed,False,1
201904230537,2019-04-23T05:37:54+00:00,"Samar, Philippines",11.87,125.39,6.7,6.7,51.0,51.0,0.35,426.3333333333333,426.3333333333333,1,1,0,no_threat,0,False,False,True,False,,imputed,False,1
201905062119,2019-05-06T21:19:36+00:00,"Eastern New Guinea Reg., P.N.G.",-6.98,146.47,7.2,7.2,130.0,130.0,0.39999999999999997,427.95,427.95,1,1,0,no_threat,0,False,False,True,False,,imputed,False,1
201905141258,2019-05-14T12:58:32+00:00,"New Britain Region, P.N.G.",-4.1,152.58,7.5,7.5,72.0,72.0,0.39999999999999997,428.03333333333336,428.03333333333336,1,1,0,no_threat,0,False,False,True,False,,imputed,False,1
201905260741,2019-05-26T07:41:13+00:00,Northern Peru,-5.78,-75.15,7.7,7.7,109.0,109.0,0.39999999999999997,440.18333333333334,440.18333333333334,1,1,2,confirmed_threat,4,True,False,False,False,,imputed,False,6
201905300903,2019-05-30T09:03:33+00:00,El Salvador,13.28,-89.18,6.5,6.5,83.0,83.0,0.35,429.55,429.55,1,1,0,no_threat,0,False,False,True,False,,imputed,False,1
201906152254,2019-06-15T22:54:56+00:00,"Kermadec Islands, New Zealand",-30.91,-177.52,7.1,7.1,10.0,10.0,0.35,429.98333333333335,429.98333333333335,1,1,0,no_threat,0,False,False,True,False,,imputed,False,1
201906190701,2019-06-19T07:01:52+00:00,"Kermadec Islands, New Zealand",-30.86,-177.8,6.5,6.5,97.0,97.0,0.35,430.96666666666664,430.96666666666664,1,1,0,no_threat,0,False,False,True,False,,imputed,False,1
201906240253,2019-06-24T02:53:39+00:00,Banda Sea,-6.51,129.27,7.7,7.7,231.0,231.0,0.55,424.78333333333336,424.78333333333336,1,1,0,no_threat,0,False,False,True,False,,imputed,False,1
201906260218,2019-06-26T02:18:08+00:00,Komandorskiye Ostrova Region,56.18,164.04,6.6,6.6,10.0,10.0,0.35,437.3666666666667,437.3666666666667,1,1,0,no_threat,0,False,False,True,False,,imputed,False,1
201907071508,2019-07-07T15:08:42+00:00,Northern Molucca Sea,0.53,126.19,7.1,7.1,35.0,35.0,0.55,428.21666666666664,428.21666666666664,1,1,0,no_threat,0,False,False,True,False,,imputed,False,1
201907140539,2019-07-14T05:39:23+00:00,Western Australia,-18.34,120.17,6.9,6.9,10.0,10.0,0.35,428.9166666666667,436.45,2,2,2,confirmed_threat,4,True,False,True,False,,imputed,True,6
201907140910,2019-07-14T09:10:51+00:00,"Halmahera, Indonesia",-0.59,128.06,7.2,7.2,10.0,10.0,0.49999999999999994,426.0833333333333,426.0833333333333,1,1,0,no_threat,0,False,False,True,False,,imputed,False,1
201907311502,2019-07-31T15:02:30+00:00,Vanuatu Islands,-16.09,168.34,6.5,6.5,180.0,180.0,0.35,429.01666666666665,429.01666666666665,1,1,0,no_threat,0,False,False,True,False,,imputed,False,1
201908011828,2019-08-01T18:28:06+00:00,Near Coast of Central Chile,-34.21,-72.15,6.5,6.5,10.0,10.0,0.7,447.7,447.7,1,1,0,no_threat,0,False,False,True,False,,imputed,False,1
201908021203,2019-08-02T12:03:23+00:00,"Southwest of Sumatra, Indonesia",-7.58,104.53,7.0,7.0,84.0,76.0,0.49999999999999994,430.78333333333336,444.06666666666666,2,2,2,confirmed_threat,4,True,False,True,False,,imputed,True,6
201908041023,2019-08-04T10:23:00+00:00,"Near East Coast of Honshu, Japan",37.71,141.3,6.5,6.5,10.0,10.0,0.7,433.3833333333333,433.3833333333333,1,1,0,no_threat,0,False,False,True,False,,imputed,False,1
201908272355,2019-08-27T23:55:19+00:00,South Sandwich Islands Region,-60.38,-26.58,6.6,6.6,10.0,10.0,0.35,437.1,437.1,1,1,0,no_threat,0,False,False,True,False,,imputed,False,1
201909252346,2019-09-25T23:46:45+00:00,"Seram, Indonesia",-3.38,128.43,6.8,6.8,10.0,10.0,0.49999999999999994,426.8666666666667,426.8666666666667,1,1,0,no_threat,0,False,False,True,False,,imputed,False,1
201909290202,2019-09-29T02:02:51+00:00,"Mindanao, Philippines",5.73,126.59,6.7,6.7,121.0,121.0,0.39999999999999997,425.81666666666666,425.81666666666666,1,1,0,no_threat,0,False,False,True,False,,imputed,False,1
201909291557,2019-09-29T15:57:55+00:00,Near Coast of Central Chile,-35.42,-72.96,6.8,6.8,25.0,25.0,0.7,432.46666666666664,432.46666666666664,1,1,0,no_threat,0,False,False,True,False,,imputed,False,1
201910290104,2019-10-29T01:04:45+00:00,"Mindanao, Philippines",6.74,125.18,6.8,6.8,10.0,10.0,0.39999999999999997,427.68333333333334,427.68333333333334,1,1,0,no_threat,0,False,False,True,False,,imputed,False,1
201910310111,2019-10-31T01:11:19+00:00,"Mindanao, Philippines",6.95,125.21,6.5,6.5,11.0,11.0,0.39999999999999997,428.3666666666667,428.3666666666667,1,1,0,no_threat,0,False,False,True,False,,imputed,False,1
201911141617,2019-11-14T16:17:41+00:00,Northern Molucca Sea,1.63,126.4,7.4,7.4,10.0,10.0,0.55,437.23333333333335,437.23333333333335,1,1,0,no_threat,0,False,False,True,False,,imputed,False,1
201912150611,2019-12-15T06:11:54+00:00,"Mindanao, Philippines",6.61,125.23,6.9,6.9,33.0,33.0,0.39999999999999997,429.4,429.4,1,1,0,no_threat,0,False,False,True,False,,imputed,False,1
202001191658,2020-01-19T16:58:20+00:00,"Minahassa Peninsula, Sulawesi",-0.2,123.89,6.6,6.6,95.0,95.0,0.39999999999999997,425.4166666666667,425.4166666666667,1,1,0,no_threat,0,False,False,True,False,,imputed,False,1
202001281910,2020-01-28T19:10:26+00:00,Cuba Region,19.37,-78.74,7.3,7.3,10.0,10.0,0.35,439.5833333333333,439.5833333333333,1,1,2,confirmed_threat,4,True,False,False,False,,imputed,False,6
202002131033,2020-02-13T10:33:44+00:00,Kuril Islands,45.61,149.02,6.7,6.7,149.0,149.0,0.35,430.55,430.55,1,1,0,no_threat,0,False,False,True,False,,imputed,False,1
202003250253,2020-03-25T02:53:18+00:00,"Volcano Islands, Japan Region",23.13,138.35,7.2,7.2,10.0,10.0,0.35,430.1166666666667,430.1166666666667,1,1,0,no_threat,0,False,False,True,False,,imputed,False,1
202004120657,2020-04-12T06:57:48+00:00,Mid Indian Ridge,-37.02,77.44,6.6,6.6,10.0,10.0,0.35,434.5,434.5,1,1,2,confirmed_threat,4,True,False,False,False,,imputed,False,6
202005061353,2020-05-06T13:53:57+00:00,Banda Sea,-6.95,130.04,7.3,7.3,133.0,133.0,0.55,426.65,426.65,1,1,0,no_threat,0,False,False,True,False,,imputed,False,1
202005122241,2020-05-12T22:41:08+00:00,Santa Cruz Islands,-12.08,166.95,6.6,6.6,98.0,98.0,0.35,430.53333333333336,430.53333333333336,1,1,0,no_threat,0,False,False,True,False,,imputed,False,1
202006030735,2020-06-03T07:35:33+00:00,Northern Chile,-23.3,-68.48,6.6,6.6,84.0,84.0,0.35,441.3833333333333,441.3833333333333,1,1,0,no_threat,0,False,False,True,False,,imputed,False,1
202006040849,2020-06-04T08:49:40+00:00,"Halmahera, Indonesia",2.93,128.19,6.8,6.8,111.0,111.0,0.49999999999999994,430.8333333333333,430.8333333333333,1,1,0,no_threat,0,False,False,True,False,,imputed,False,1
202006181249,2020-06-18T12:49:50+00:00,South of Kermadec Islands,-33.39,-177.19,7.4,7.4,10.0,10.0,0.35,432.98333333333335,432.98333333333335,1,1,0,no_threat,0,False,False,True,False,,imputed,False,1
202006231529,2020-06-23T15:29:05+00:00,"Oaxaca, Mexico",16.15,-95.77,7.5,7.5,10.0,10.0,0.35,437.5,437.5,1,1,0,no_threat,0,False,False,True,False,,imputed,False,1
202007170250,2020-07-17T02:50:23+00:00,"Eastern New Guinea Reg., P.N.G.",-7.82,147.7,7.3,7.3,87.0,87.0,0.39999999999999997,430.78333333333336,430.78333333333336,1,1,0,no_threat,0,False,False,True,False,,imputed,False,1
202007220612,2020-07-22T06:12:42+00:00,Alaska Peninsula,55.24,-158.64,7.5,7.5,10.0,10.0,0.35,435.4,435.4,1,1,0,no_threat,0,False,False,True,False,,imputed,False,1
202008180003,2020-08-18T00:03:51+00:00,"Samar, Philippines",12.07,124.19,6.9,6.9,13.0,13.0,0.35,429.28333333333336,429.28333333333336,1,1,0,no_threat,0,False,False,True,False,,imputed,False,1
202008182223,2020-08-18T22:23:56+00:00,"Southwest of Sumatra, Indonesia",-4.5,100.91,6.9,6.9,10.0,24.0,0.49999999999999994,461.31666666666666,468.9166666666667,2,2,2,confirmed_threat,4,True,False,True,False,,imputed,True,6
202008182229,2020-08-18T22:29:35+00:00,"Southern Sumatra, Indonesia",-3.74,101.56,6.8,6.8,11.0,86.0,0.49999999999999994,456.93333333333334,465.6166666666667,2,2,2,confirmed_threat,4,True,False,True,False,,imputed,True,6
202008210409,2020-08-21T04:09:50+00:00,Banda Sea,-6.88,123.55,6.9,6.9,670.0,670.0,0.55,424.8833333333333,424.8833333333333,1,1,0,no_threat,0,False,False,True,False,,imputed,False,1
202009010409,2020-09-01T04:09:26+00:00,Near Coast of Northern Chile,-27.91,-71.26,6.7,6.7,10.0,10.0,0.7,428.71666666666664,428.71666666666664,1,1,0,no_threat,0,False,False,True,False,,imputed,False,1
202009061523,2020-09-06T15:23:43+00:00,"Mindanao, Philippines",6.42,125.92,6.8,6.8,116.0,116.0,0.39999999999999997,428.96666666666664,428.96666666666664,1,1,0,no_threat,0,False,False,True,False,,imputed,False,1
202009110735,2020-09-11T07:35:56+00:00,Northern Chile,-21.45,-69.75,6.7,6.7,42.0,42.0,0.35,427.76666666666665,427.76666666666665,1,1,0,no_threat,0,False,False,True,False,,imputed,False,1
202010080735,2020-10-08T07:35:31+00:00,"Eastern New Guinea Reg., P.N.G.",-6.15,146.22,6.5,6.5,98.0,98.0,0.39999999999999997,429.73333333333335,429.73333333333335,1,1,0,no_threat,0,False,False,True,False,,imputed,False,1
202012201723,2020-12-20T17:23:22+00:00,"Near East Coast of Honshu, Japan",40.74,142.3,6.6,6.6,27.0,27.0,0.7,432.6333333333333,432.6333333333333,1,1,0,no_threat,0,False,False,True,False,,imputed,False,1
202101190246,2021-01-19T02:46:19+00:00,"San Juan Province, Argentina",-31.86,-68.69,6.6,6.6,10.0,10.0,0.35,427.68333333333334,427.68333333333334,1,1,2,confirmed_threat,4,True,False,False,False,,imputed,False,6
202101211223,2021-01-21T12:23:07+00:00,"Talaud Islands, Indonesia",4.98,127.38,7.1,7.1,154.0,154.0,0.49999999999999994,426.8833333333333,426.8833333333333,1,1,0,no_threat,0,False,False,True,False,,imputed,False,1
202101232336,2021-01-23T23:36:52+00:00,South Shetland Islands,-61.76,-55.46,7.1,7.1,10.0,10.0,0.35,445.1333333333333,445.1333333333333,1,1,0,no_threat,0,False,False,True,False,,imputed,False,1
202102101252,2021-02-10T12:52:28+00:00,"Southwest of Sumatra, Indonesia",-5.69,101.56,6.5,6.5,10.0,10.0,0.49999999999999994,426.53333333333336,426.53333333333336,1,1,2,confirmed_threat,4,True,False,False,False,,imputed,False,6
202102101319,2021-02-10T13:19:58+00:00,Southeast of Loyalty Islands,-22.92,171.49,7.4,7.4,10.0,10.0,0.35,434.03333333333336,434.03333333333336,1,1,0,no_threat,0,False,False,True,False,,imputed,False,1
202102102124,2021-02-10T21:24:01+00:00,Southeast of Loyalty Islands,-23.22,171.48,6.5,6.5,10.0,10.0,0.35,430.98333333333335,430.98333333333335,1,1,0,no_threat,0,False,False,True,False,,imputed,False,1
202102131407,2021-02-13T14:07:46+00:00,"Near East Coast of Honshu, Japan",37.72,141.67,7.1,7.1,10.0,10.0,0.7,429.23333333333335,429.23333333333335,1,1,0,no_threat,0,False,False,True,False,,imputed,False,1
202103041327,2021-03-04T13:27:36+00:00,"Off E. Coast of N. Island, N.Z.",-37.3,179.43,7.1,7.1,10.0,10.0,0.7,9.4,9.4,1,1,0,no_threat,0,False,False,True,False,,imputed,False,1
202103041741,2021-03-04T17:41:24+00:00,"Kermadec Islands, New Zealand",-29.67,-177.48,7.0,7.0,48.0,48.0,0.35,9.6,9.6,1,1,0,no_threat,0,False,False,True,False,,imputed,False,1
202103041928,2021-03-04T19:28:40+00:00,Kermadec Islands Region,-29.38,-176.79,7.4,7.4,89.0,89.0,0.35,8.333333333333334,8.333333333333334,1,1,0,no_threat,0,False,False,True,False,,imputed,False,1
202103161838,2021-03-16T18:38:22+00:00,Near East Coast of Kamchatka,55.03,162.86,6.7,6.7,10.0,10.0,0.7,13.633333333333333,13.633333333333333,1,1,0,no_threat,0,False,False,True,False,,imputed,False,1
202103200909,2021-03-20T09:09:42+00:00,"Near East Coast of Honshu, Japan",38.46,141.32,7.0,7.0,10.0,10.0,0.7,9.3,9.3,1,1,0,no_threat,0,False,False,True,False,,imputed,False,1
202104100700,2021-04-10T07:00:16+00:00,"Java, Indonesia",-9.0,112.47,6.6,6.6,60.0,60.0,0.49999999999999994,6.733333333333333,6.733333333333333,1,1,2,confirmed_threat,4,True,False,False,False,,imputed,False,6
202105010127,2021-05-01T01:27:29+00:00,"Near East Coast of Honshu, Japan",38.19,141.64,6.7,6.7,60.0,60.0,0.7,11.516666666666667,11.516666666666667,1,1,0,no_threat,0,False,False,True,False,,imputed,False,1
202105140633,2021-05-14T06:33:07+00:00,Off West Coast of Northern Sumatra,0.1,96.53,7.2,7.2,19.0,10.0,0.75,7.883333333333334,32.85,2,2,2,confirmed_threat,4,True,False,True,False,,imputed,True,6
202107232049,2021-07-23T20:49:01+00:00,"Mindoro, Philippines",13.79,120.75,6.7,6.7,151.0,151.0,0.35,8.983333333333333,8.983333333333333,1,1,0,no_threat,0,False,False,True,False,,imputed,False,1
202107261209,2021-07-26T12:09:07+00:00,"Minahassa Peninsula, Sulawesi",-0.73,121.92,6.5,6.5,10.0,10.0,0.39999999999999997,4.883333333333334,4.883333333333334,1,1,0,no_threat,0,False,False,True,False,,imputed,False,1
202107290615,2021-07-29T06:15:47+00:00,Alaska Peninsula,55.77,-157.97,7.8,7.8,10.0,10.0,0.35,9.216666666666667,9.216666666666667,1,1,0,no_threat,0,False,False,True,False,,imputed,False,1
202108111746,2021-08-11T17:46:17+00:00,"Mindanao, Philippines",6.41,126.74,7.1,7.1,51.0,51.0,0.39999999999999997,6.716666666666667,6.716666666666667,1,1,0,no_threat,0,False,False,True,False,,imputed,False,1
202108141157,2021-08-14T11:57:48+00:00,Alaska Peninsula,55.36,-157.69,6.8,6.8,44.0,44.0,0.35,17.2,17.2,1,1,0,no_threat,0,False,False,True,False,,imputed,False,1
202108161110,2021-08-16T11:10:36+00:00,South Sandwich Islands Region,-58.45,-23.41,6.6,6.6,10.0,10.0,0.35,13.4,13.4,1,1,0,no_threat,0,False,False,True,False,,imputed,False,1
202108181010,2021-08-18T10:10:05+00:00,Vanuatu Islands,-14.88,167.08,6.8,6.8,85.0,85.0,0.35,8.916666666666666,8.916666666666666,1,1,0,no_threat,0,False,False,True,False,,imputed,False,1
202108220045,2021-08-22T00:45:08+00:00,South Sandwich Islands Region,-60.23,-24.39,6.7,6.7,10.0,10.0,0.35,10.866666666666667,10.866666666666667,1,1,0,no_threat,0,False,False,True,False,,imputed,False,1
202108222133,2021-08-22T21:33:20+00:00,South Sandwich Islands Region,-60.34,-24.77,7.0,7.0,10.0,10.0,0.35,11.666666666666666,11.666666666666666,1,1,0,no_threat,0,False,False,True,False,,imputed,False,1
202109080147,2021-09-08T01:47:48+00:00,"Guerrero, Mexico",17.25,-99.6,7.1,7.1,10.0,10.0,0.35,8.2,8.2,1,1,0,no_threat,0,False,False,True,False,,imputed,False,1
202110020629,2021-10-02T06:29:16+00:00,South of Fiji Islands,-20.97,175.04,6.9,6.9,517.0,517.0,0.35,8.733333333333333,8.733333333333333,1,1,0,no_threat,0,False,False,True,False,,imputed,False,1
202110091058,2021-10-09T10:58:29+00:00,Vanuatu Islands Region,-21.16,174.5,6.5,6.5,510.0,510.0,0.35,8.516666666666667,8.516666666666667,1,1,0,no_threat,0,False,False,True,False,,imputed,False,1
202110110910,2021-10-11T09:10:23+00:00,Alaska Peninsula,56.39,-156.74,6.7,6.7,43.0,43.0,0.35,9.616666666666667,9.616666666666667,1,1,0,no_threat,0,False,False,True,False,,imputed,False,1
202110150244,2021-10-15T02:44:59+00:00,Solomon Islands,-8.75,158.62,6.5,6.5,29.0,29.0,0.39999999999999997,9.016666666666667,9.016666666666667,1,1,0,no_threat,0,False,False,True,False,,imputed,False,1
202111101545,2021-11-10T15:45:15+00:00,Southeast of Ryukyu Islands,23.69,126.37,6.7,6.7,30.0,30.0,0.35,7.75,7.75,1,1,0,no_threat,0,False,False,True,False,,imputed,False,1
202111281052,2021-11-28T10:52:15+00:00,Northern Peru,-4.56,-76.94,7.2,7.2,114.0,114.0,0.39999999999999997,11.75,11.75,1,1,2,confirmed_threat,4,True,False,False,False,,imputed,False,6
202112140320,2021-12-14T03:20:23+00:00,Flores Sea,-7.62,122.25,7.5,7.5,10.0,10.0,0.55,5.616666666666666,5.616666666666666,1,1,0,no_threat,0,False,False,True,False,,imputed,False,1
202112291825,2021-12-29T18:25:52+00:00,Banda Sea,-7.76,127.66,7.4,7.4,210.0,210.0,0.55,4.133333333333334,4.133333333333334,1,1,0,no_threat,0,False,False,True,False,,imputed,False,1
202201111135,2022-01-11T11:35:49+00:00,"Fox Islands, Aleutian Islands",52.82,-168.07,6.5,6.5,26.0,26.0,0.35,9.183333333333334,9.183333333333334,1,1,0,no_threat,0,False,False,True,False,,imputed,False,1
202201140905,2022-01-14T09:05:39+00:00,"Java, Indonesia",-7.14,105.12,6.6,6.6,10.0,40.0,0.49999999999999994,7.35,12.316666666666666,2,2,2,confirmed_threat,4,True,False,True,False,,imputed,True,6
202202162021,2022-02-16T20:21:09+00:00,South of Fiji Islands,-23.79,179.81,6.8,6.8,555.0,555.0,0.35,34.85,34.85,1,1,0,no_threat,0,False,False,True,False,,imputed,False,1
202203021251,2022-03-02T12:51:56+00:00,Kermadec Islands Region,-30.09,-176.41,6.5,6.5,10.0,10.0,0.35,9.066666666666666,9.066666666666666,1,1,0,no_threat,0,False,False,True,False,,imputed,False,1
202203132109,2022-03-13T21:09:21+00:00,"Southern Sumatra, Indonesia",-0.71,98.5,6.8,6.8,25.0,25.0,0.49999999999999994,4.65,42.65,2,2,2,confirmed_threat,4,True,False,True,False,,imputed,True,6
202203161436,2022-03-16T14:36:38+00:00,"Near East Coast of Honshu, Japan",37.71,141.39,7.1,7.1,112.0,112.0,0.7,7.366666666666666,7.366666666666666,1,1,0,no_threat,0,False,False,True,False,,imputed,False,1
202203221741,2022-03-22T17:41:40+00:00,Taiwan,23.38,121.63,6.7,6.7,36.0,36.0,0.35,8.333333333333334,8.333333333333334,1,1,0,no_threat,0,False,False,True,False,,imputed,False,1
202203302056,2022-03-30T20:56:58+00:00,Southeast of Loyalty Islands,-22.52,170.77,6.5,6.5,10.0,10.0,0.35,8.033333333333333,8.033333333333333,1,1,0,no_threat,0,False,False,True,False,,imputed,False,1
202203310544,2022-03-31T05:44:02+00:00,Southeast of Loyalty Islands,-22.56,170.7,6.5,6.5,18.0,18.0,0.35,6.966666666666667,6.966666666666667,1,1,0,no_threat,0,False,False,True,False,,imputed,False,1
202204210742,2022-04-21T07:42:50+00:00,Near Coast of Nicaragua,11.73,-86.88,6.5,6.5,50.0,50.0,0.7,11.166666666666666,11.166666666666666,1,1,0,no_threat,0,False,False,True,False,,imputed,False,1
202205102306,2022-05-10T23:06:25+00:00,"Jujuy Province, Argentina",-23.69,-66.59,6.6,6.6,143.0,143.0,0.35,16.583333333333332,16.583333333333332,1,1,2,confirmed_threat,4,True,False,False,False,,imputed,False,6
202205191013,2022-05-19T10:13:32+00:00,Macquarie Island Region,-54.07,158.98,6.5,6.5,10.0,10.0,0.35,8.466666666666667,8.466666666666667,1,1,0,no_threat,0,False,False,True,False,,imputed,False,1
202205270236,2022-05-27T02:36:06+00:00,Timor Region,-8.64,127.2,6.5,6.5,104.0,104.0,0.39999999999999997,6.9,6.9,1,1,2,confirmed_threat,4,True,False,False,False,,imputed,False,6
202207270043,2022-07-27T00:43:29+00:00,"Luzon, Philippines",17.7,120.82,7.0,7.0,63.0,63.0,0.35,6.516666666666667,6.516666666666667,1,1,0,no_threat,0,False,False,True,False,,imputed,False,1
202208141344,2022-08-14T13:44:22+00:00,South of Kermadec Islands,-32.76,-178.62,6.5,6.5,67.0,67.0,0.35,12.633333333333333,12.633333333333333,1,1,0,no_threat,0,False,False,True,False,,imputed,False,1
202209102347,2022-09-10T23:47:01+00:00,"Eastern New Guinea Reg., P.N.G.",-6.36,146.55,7.5,7.5,116.0,116.0,0.39999999999999997,7.983333333333333,7.983333333333333,1,1,0,no_threat,0,False,False,True,False,,imputed,False,1
202209141104,2022-09-14T11:04:07+00:00,Southeast of Loyalty Islands,-21.17,170.32,6.9,6.9,141.0,141.0,0.35,8.883333333333333,8.883333333333333,1,1,0,no_threat,0,False,False,True,False,,imputed,False,1
202209171341,2022-09-17T13:41:20+00:00,Taiwan,23.21,121.34,6.6,6.6,10.0,10.0,0.35,8.666666666666666,8.666666666666666,1,1,0,no_threat,0,False,False,True,False,,imputed,False,1
202209180644,2022-09-18T06:44:16+00:00,Taiwan,23.2,121.51,6.8,6.8,10.0,10.0,0.35,8.733333333333333,8.733333333333333,1,1,0,no_threat,0,False,False,True,False,,imputed,False,1
202209191805,2022-09-19T18:05:18+00:00,"Michoacan, Mexico",18.81,-102.77,7.1,7.1,92.0,92.0,0.35,14.7,14.7,1,1,0,no_threat,0,False,False,True,False,,imputed,False,1
202209220616,2022-09-22T06:16:17+00:00,"Michoacan, Mexico",18.51,-102.74,6.5,6.5,82.0,82.0,0.35,11.716666666666667,11.716666666666667,1,1,0,no_threat,0,False,False,True,False,,imputed,False,1
202211090950,2022-11-09T09:50:52+00:00,South of Fiji Islands,-25.96,179.73,6.8,6.8,608.0,608.0,0.35,9.133333333333333,9.133333333333333,1,1,0,no_threat,0,False,False,True,False,,imputed,False,1
202211111048,2022-11-11T10:48:49+00:00,Tonga Islands Region,-19.28,-172.37,7.4,7.4,48.0,48.0,0.35,12.183333333333334,12.183333333333334,1,1,0,no_threat,0,False,False,True,False,,imputed,False,1
202211120709,2022-11-12T07:09:15+00:00,Fiji Islands Region,-20.11,-178.25,6.5,6.5,615.0,615.0,0.35,11.75,11.75,1,1,0,no_threat,0,False,False,True,False,,imputed,False,1
202211181337,2022-11-18T13:37:06+00:00,"Southwest of Sumatra, Indonesia",-4.88,100.65,6.8,6.8,10.0,15.0,0.49999999999999994,8.9,22.883333333333333,2,2,2,confirmed_threat,4,True,False,True,False,,imputed,True,6
202211220203,2022-11-22T02:03:22+00:00,Solomon Islands,-10.18,159.05,6.9,6.9,97.0,97.0,0.35,8.633333333333333,8.633333333333333,1,1,0,no_threat,0,False,False,True,False,,imputed,False,1
202301081232,2023-01-08T12:32:50+00:00,Vanuatu Islands,-14.94,166.68,6.7,6.7,82.0,82.0,0.35,9.166666666666666,9.166666666666666,1,1,0,no_threat,0,False,False,True,False,,imputed,False,1
202301091747,2023-01-09T17:47:34+00:00,"Tanimbar Islands Region, Indonesia",-7.25,130.18,7.9,7.9,131.0,131.0,0.49999999999999994,9.433333333333334,9.433333333333334,1,1,0,no_threat,0,False,False,True,False,,imputed,False,1
202301180606,2023-01-18T06:06:14+00:00,Northern Molucca Sea,2.8,127.11,7.1,7.1,64.0,64.0,0.55,4.766666666666667,4.766666666666667,1,1,0,no_threat,0,False,False,True,False,,imputed,False,1
202302232002,2023-02-23T20:02:50+00:00,"North of Halmahera, Indonesia",3.31,128.02,6.7,6.7,105.0,105.0,0.49999999999999994,10.166666666666666,10.166666666666666,1,1,0,no_threat,0,False,False,True,False,,imputed,False,1
202303040641,2023-03-04T06:41:10+00:00,"Kermadec Islands, New Zealand",-29.67,-177.35,6.5,6.5,170.0,170.0,0.35,9.833333333333334,9.833333333333334,1,1,0,no_threat,0,False,False,True,False,,imputed,False,1
202303181712,2023-03-18T17:12:55+00:00,Near Coast of Ecuador,-2.59,-79.17,6.8,6.8,86.0,86.0,0.75,57.083333333333336,57.083333333333336,1,1,0,no_threat,0,False,False,True,False,,imputed,False,1
202304021804,2023-04-02T18:04:14+00:00,"New Guinea, Papua New Guinea",-4.44,143.09,7.5,7.5,88.0,88.0,0.39999999999999997,6.766666666666667,6.766666666666667,1,1,0,no_threat,0,False,False,True,False,,imputed,False,1
202304030306,2023-04-03T03:06:55+00:00,Near East Coast of Kamchatka,53.0,158.3,6.7,6.7,75.0,75.0,0.7,12.083333333333334,12.083333333333334,1,1,0,no_threat,0,False,False,True,False,,imputed,False,1
202304140955,2023-04-14T09:55:46+00:00,"Java, Indonesia",-6.12,112.0,6.5,6.5,604.0,604.0,0.49999999999999994,12.233333333333333,12.233333333333333,1,1,0,no_threat,0,False,False,True,False,,imputed,False,1
202304240041,2023-04-24T00:41:56+00:00,"Kermadec Islands, New Zealand",-29.98,-177.29,7.0,7.0,62.0,62.0,0.35,9.066666666666666,9.066666666666666,1,1,0,no_threat,0,False,False,True,False,,imputed,False,1
202304242000,2023-04-24T20:00:57+00:00,"Southern Sumatra, Indonesia",-0.93,98.39,7.3,7.3,84.0,84.0,0.49999999999999994,9.05,9.05,1,1,2,confirmed_threat,4,True,False,False,False,,imputed,False,6
202304280313,2023-04-28T03:13:36+00:00,South of Fiji Islands,-24.95,179.64,6.5,6.5,589.0,589.0,0.35,10.4,10.4,1,1,0,no_threat,0,False,False,True,False,,imputed,False,1
202305101602,2023-05-10T16:02:01+00:00,Tonga Islands,-15.67,-174.48,7.5,7.5,224.0,224.0,0.35,9.983333333333333,9.983333333333333,1,1,0,no_threat,0,False,False,True,False,,imputed,False,1
202305190257,2023-05-19T02:57:05+00:00,Southeast of Loyalty Islands,-23.13,170.81,7.9,7.9,28.0,28.0,0.35,7.916666666666667,7.916666666666667,1,1,0,no_threat,0,False,False,True,False,,imputed,False,1
202305200150,2023-05-20T01:50:59+00:00,Southeast of Loyalty Islands,-22.96,170.57,7.5,7.5,17.0,17.0,0.35,8.016666666666667,8.016666666666667,1,1,0,no_threat,0,False,False,True,False,,imputed,False,1
202306151806,2023-06-15T18:06:22+00:00,South of Fiji Islands,-22.82,-176.44,6.9,6.9,161.0,161.0,0.35,9.633333333333333,9.633333333333333,1,1,0,no_threat,0,False,False,True,False,,imputed,False,1
202307021027,2023-07-02T10:27:27+00:00,Tonga Islands,-17.97,-174.75,7.2,7.2,82.0,82.0,0.35,9.55,9.55,1,1,0,no_threat,0,False,False,True,False,,imputed,False,1
202307160648,2023-07-16T06:48:20+00:00,Alaska Peninsula,54.49,-160.95,7.1,7.1,10.0,10.0,0.35,11.666666666666666,11.666666666666666,1,1,0,no_threat,0,False,False,True,False,,imputed,False,1
202307261244,2023-07-26T12:44:41+00:00,Vanuatu Islands,-14.84,167.8,6.5,6.5,39.0,39.0,0.35,8.316666666666666,8.316666666666666,1,1,0,no_threat,0,False,False,True,False,,imputed,False,1
202308281955,2023-08-28T19:55:32+00:00,Bali Sea,-7.02,116.61,7.0,7.0,535.0,535.0,0.55,5.466666666666667,5.466666666666667,1,1,0,no_threat,0,False,False,True,False,,imputed,False,1
202309062348,2023-09-06T23:48:04+00:00,Near Coast of Central Chile,-30.37,-71.44,6.8,6.8,25.0,25.0,0.7,15.933333333333334,15.933333333333334,1,1,0,no_threat,0,False,False,True,False,,imputed,False,1
202309080909,2023-09-08T09:09:46+00:00,South of Kermadec Islands,-32.95,-178.02,6.7,6.7,33.0,33.0,0.35,9.233333333333333,9.233333333333333,1,1,0,no_threat,0,False,False,True,False,,imputed,False,1
202309121103,2023-09-12T11:03:19+00:00,Philippine Islands Region,19.29,121.29,6.7,6.7,52.0,52.0,0.35,6.683333333333334,6.683333333333334,1,1,0,no_threat,0,False,False,True,False,,imputed,False,1
202310041121,2023-10-04T11:21:50+00:00,"Mindanao, Philippines",5.29,126.22,6.7,6.7,125.0,125.0,0.39999999999999997,6.166666666666667,6.166666666666667,1,1,0,no_threat,0,False,False,True,False,,imputed,False,1
202310070834,2023-10-07T08:34:29+00:00,Papua New Guinea Region,-5.64,146.1,6.7,6.7,68.0,68.0,0.39999999999999997,7.516666666666667,7.516666666666667,1,1,0,no_threat,0,False,False,True,False,,imputed,False,1
202310070840,2023-10-07T08:40:15+00:00,Papua New Guinea Region,-5.47,146.17,7.2,7.2,98.0,98.0,0.39999999999999997,8.75,8.75,1,1,0,no_threat,0,False,False,True,False,,imputed,False,1
202310161135,2023-10-16T11:35:31+00:00,"Andreanof Islands, Aleutian Islands",52.49,-176.88,6.7,6.7,183.0,183.0,0.35,12.483333333333333,12.483333333333333,1,1,0,no_threat,0,False,False,True,False,,imputed,False,1
202310311110,2023-10-31T11:10:50+00:00,Fiji Islands Region,-17.28,-178.61,6.7,6.7,521.0,521.0,0.35,9.166666666666666,9.166666666666666,1,1,0,no_threat,0,False,False,True,False,,imputed,False,1
202310311233,2023-10-31T12:33:41+00:00,Near Coast of Central Chile,-28.9,-71.53,6.9,6.9,10.0,10.0,0.7,14.316666666666666,14.316666666666666,1,1,0,no_threat,0,False,False,True,False,,imputed,False,1
202311012104,2023-11-01T21:04:45+00:00,Timor Region,-10.34,123.76,6.6,6.6,10.0,10.0,0.35,4.25,4.25,1,1,2,confirmed_threat,4,True,False,False,False,,imputed,False,6
202311080452,2023-11-08T04:52:53+00:00,Banda Sea,-6.31,129.77,7.2,7.2,10.0,10.0,0.55,10.116666666666667,10.116666666666667,1,1,0,no_threat,0,False,False,True,False,,imputed,False,1
202311081302,2023-11-08T13:02:10+00:00,Banda Sea,-6.21,129.98,6.8,6.8,42.0,42.0,0.55,8.833333333333334,8.833333333333334,1,1,0,no_threat,0,False,False,True,False,,imputed,False,1
202311170814,2023-11-17T08:14:15+00:00,"Mindanao, Philippines",5.5,125.18,6.9,6.9,44.0,44.0,0.39999999999999997,4.75,4.75,1,1,0,no_threat,0,False,False,True,False,,imputed,False,1
202311220447,2023-11-22T04:47:33+00:00,Vanuatu Islands,-15.04,167.95,6.7,6.7,10.0,10.0,0.35,8.45,8.45,1,1,0,no_threat,0,False,False,True,False,,imputed,False,1
202311240905,2023-11-24T09:05:05+00:00,Mariana Islands,20.04,145.71,7.0,7.0,19.0,19.0,0.35,8.916666666666666,8.916666666666666,1,1,0,no_threat,0,False,False,True,False,,imputed,False,1
202311272146,2023-11-27T21:46:46+00:00,Near North Coast of Papua New Guinea,-3.44,144.09,6.8,6.8,10.0,10.0,0.75,7.233333333333333,7.233333333333333,1,1,0,no_threat,0,False,False,True,False,,imputed,False,1
202312021437,2023-12-02T14:37:07+00:00,"Mindanao, Philippines",8.52,126.62,7.5,7.5,55.0,55.0,0.39999999999999997,7.883333333333334,7.883333333333334,1,1,0,no_threat,0,False,False,True,False,,imputed,False,1
202312021603,2023-12-02T16:03:47+00:00,"Mindanao, Philippines",8.15,126.96,6.5,6.5,66.0,66.0,0.39999999999999997,6.216666666666667,6.216666666666667,1,1,0,no_threat,0,False,False,True,False,,imputed,False,1
202312021740,2023-12-02T17:40:17+00:00,"Mindanao, Philippines",8.29,126.96,6.5,6.5,45.0,45.0,0.39999999999999997,6.716666666666667,6.716666666666667,1,1,0,no_threat,0,False,False,True,False,,imputed,False,1
202312031036,2023-12-03T10:36:02+00:00,"Mindanao, Philippines",8.06,126.91,6.7,6.7,48.0,48.0,0.39999999999999997,5.966666666666667,5.966666666666667,1,1,0,no_threat,0,False,False,True,False,,imputed,False,1
202312031949,2023-12-03T19:49:41+00:00,"Mindanao, Philippines",8.87,126.88,6.8,6.8,42.0,42.0,0.39999999999999997,6.316666666666666,6.316666666666666,1,1,0,no_threat,0,False,False,True,False,,imputed,False,1
202312071256,2023-12-07T12:56:26+00:00,Southeast of Loyalty Islands,-21.2,169.99,7.0,7.0,65.0,65.0,0.35,8.566666666666666,8.566666666666666,1,1,0,no_threat,0,False,False,True,False,,imputed,False,1
202312110633,2023-12-11T06:33:17+00:00,Tonga Islands,-19.04,-174.6,6.6,6.6,170.0,170.0,0.35,11.716666666666667,11.716666666666667,1,1,0,no_threat,0,False,False,True,False,,imputed,False,1
202312300519,2023-12-30T05:19:26+00:00,Off West Coast of Northern Sumatra,2.5,92.84,6.6,6.6,10.0,10.0,0.75,5.566666666666666,22.566666666666666,2,2,2,confirmed_threat,4,True,False,True,False,,imputed,True,6
202312301716,2023-12-30T17:16:26+00:00,Near North Coast of West Papua,-2.89,139.44,6.5,6.5,30.0,30.0,0.75,3.566666666666667,3.566666666666667,1,1,0,no_threat,0,False,False,True,False,,imputed,False,1
202401010710,2024-01-01T07:10:23+00:00,"Near West Coast of Honshu, Japan",37.56,137.09,7.1,7.1,136.0,136.0,0.7,9.616666666666667,9.616666666666667,1,1,0,no_threat,0,False,False,True,False,,imputed,False,1
202401082048,2024-01-08T20:48:45+00:00,"Talaud Islands, Indonesia",4.92,126.33,7.0,7.0,56.0,56.0,0.49999999999999994,4.25,4.25,1,1,0,no_threat,0,False,False,True,False,,imputed,False,1
202401231433,2024-01-23T14:33:45+00:00,Vanuatu Islands,-17.95,168.07,6.5,6.5,22.0,22.0,0.35,9.25,9.25,1,1,0,no_threat,0,False,False,True,False,,imputed,False,1
202403220853,2024-03-22T08:53:00+00:00,Java Sea,-5.92,112.35,6.5,6.5,12.0,12.0,0.55,10.0,10.0,1,1,0,no_threat,0,False,False,True,False,,imputed,False,1
202403232022,2024-03-23T20:22:07+00:00,"New Guinea, Papua New Guinea",-4.19,143.06,7.3,7.3,54.0,54.0,0.39999999999999997,5.883333333333334,5.883333333333334,1,1,0,no_threat,0,False,False,True,False,,imputed,False,1
202404022358,2024-04-02T23:58:08+00:00,Taiwan,23.81,121.69,7.4,7.4,11.0,11.0,0.35,9.866666666666667,9.866666666666667,1,1,0,no_threat,0,False,False,True,False,,imputed,False,1
202404051103,2024-04-05T11:03:33+00:00,Mariana Islands,18.36,144.77,7.1,7.1,326.0,326.0,0.35,8.45,8.45,1,1,0,no_threat,0,False,False,True,False,,imputed,False,1
202404090948,2024-04-09T09:48:01+00:00,Northern Molucca Sea,2.75,127.14,6.5,6.5,10.0,10.0,0.55,8.983333333333333,8.983333333333333,1,1,0,no_threat,0,False,False,True,False,,imputed,False,1
202404271629,2024-04-27T16:29:47+00:00,"Java, Indonesia",-8.42,107.26,6.5,6.5,10.0,10.0,0.49999999999999994,7.216666666666667,7.216666666666667,1,1,2,confirmed_threat,4,True,False,False,False,,imputed,False,6
202405252223,2024-05-25T22:23:16+00:00,Vanuatu Islands,-17.13,167.84,6.6,6.6,10.0,10.0,0.35,9.733333333333333,9.733333333333333,1,1,0,no_threat,0,False,False,True,False,,imputed,False,1
202405262047,2024-05-26T20:47:13+00:00,Tonga Islands,-19.6,-174.66,6.7,6.7,166.0,166.0,0.35,9.783333333333333,9.783333333333333,1,1,0,no_threat,0,False,False,True,False,,imputed,False,1
202406280536,2024-06-28T05:36:36+00:00,Near Coast of Peru,-15.81,-74.32,6.9,6.9,10.0,10.0,0.7,12.4,12.4,1,1,0,no_threat,0,False,False,True,False,,imputed,False,1
202407110213,2024-07-11T02:13:17+00:00,"Mindanao, Philippines",6.14,123.28,7.0,7.0,632.0,632.0,0.39999999999999997,8.716666666666667,8.716666666666667,1,1,0,no_threat,0,False,False,True,False,,imputed,False,1
202407190150,2024-07-19T01:50:46+00:00,Chile-Argentina Border Region,-23.32,-67.97,7.3,7.3,90.0,90.0,0.35,9.233333333333333,9.233333333333333,1,1,2,confirmed_threat,4,True,False,False,False,,imputed,False,6
202408022223,2024-08-02T22:23:05+00:00,"Mindanao, Philippines",7.98,126.97,6.7,6.7,10.0,10.0,0.39999999999999997,3.9166666666666665,3.9166666666666665,1,1,0,no_threat,0,False,False,True,False,,imputed,False,1
202408080742,2024-08-08T07:42:57+00:00,"Kyushu, Japan",31.83,131.58,7.2,7.2,42.0,42.0,0.35,8.05,8.05,1,1,0,no_threat,0,False,False,True,False,,imputed,False,1
202408171910,2024-08-17T19:10:29+00:00,Near East Coast of Kamchatka,53.13,159.92,7.0,7.0,36.0,36.0,0.7,11.516666666666667,11.516666666666667,1,1,0,no_threat,0,False,False,True,False,,imputed,False,1
202408252329,2024-08-25T23:29:10+00:00,Tonga Islands,-19.96,-174.63,6.5,6.5,150.0,150.0,0.35,8.833333333333334,8.833333333333334,1,1,0,no_threat,0,False,False,True,False,,imputed,False,1
202409012013,2024-09-01T20:13:32+00:00,Solomon Islands,-6.78,155.57,6.5,6.5,10.0,10.0,0.39999999999999997,6.466666666666667,6.466666666666667,1,1,0,no_threat,0,False,False,True,False,,imputed,False,1
202409161136,2024-09-16T11:36:31+00:00,Mariana Islands Region,17.12,147.13,6.6,6.6,10.0,10.0,0.35,13.483333333333333,13.483333333333333,1,1,0,no_threat,0,False,False,True,False,,imputed,False,1
202409261919,2024-09-26T19:19:30+00:00,Mauritius-Reunion Region,-17.19,66.54,6.5,6.5,10.0,10.0,0.35,9.5,19.5,2,2,2,confirmed_threat,4,True,False,True,False,,imputed,True,6
202412051844,2024-12-05T18:44:25+00:00,Near Coast of Northern California,40.4,-124.66,7.1,7.1,10.0,10.0,0.7,15.583333333333334,15.583333333333334,1,1,0,no_threat,0,False,False,True,False,,imputed,False,1
202412132338,2024-12-13T23:38:15+00:00,Chile-Argentina Border Region,-35.35,-70.65,6.5,6.5,74.0,74.0,0.35,14.75,14.75,1,1,0,no_threat,0,False,False,True,False,,imputed,False,1
202412170147,2024-12-17T01:47:24+00:00,Vanuatu Islands,-17.63,167.9,7.5,7.5,10.0,10.0,0.35,6.6,6.6,1,1,0,no_threat,0,False,False,True,False,,imputed,False,1
202412271247,2024-12-27T12:47:37+00:00,Kuril Islands,47.29,151.03,6.7,6.7,135.0,135.0,0.35,9.383333333333333,9.383333333333333,1,1,0,no_threat,0,False,False,True,False,,imputed,False,1
202503250143,2025-03-25T01:43:13+00:00,"Off West Coast of South Island, New Zealand",-46.69,165.78,6.6,6.6,10.0,10.0,0.7,11.783333333333333,11.783333333333333,1,1,0,no_threat,0,False,False,True,False,,imputed,False,1
202503280620,2025-03-28T06:20:58+00:00,Myanmar,21.56,96.12,7.6,7.6,10.0,10.0,0.35,9.033333333333333,9.033333333333333,1,1,2,confirmed_threat,4,True,False,False,False,,imputed,False,6
202503280621,2025-03-28T06:21:00+00:00,Myanmar,21.59,96.02,7.5,7.5,28.0,28.0,0.35,18.0,18.0,1,2,0,no_threat,0,False,False,True,False,,imputed,True,1
202503301218,2025-03-30T12:18:50+00:00,Tonga Islands,-20.32,-173.48,6.6,6.6,80.0,80.0,0.35,9.166666666666666,9.166666666666666,1,1,0,no_threat,0,False,False,True,False,,imputed,False,1
202504042004,2025-04-04T20:04:39+00:00,"New Britain Region, Papua New Guinea",-6.22,151.76,6.6,6.6,10.0,10.0,0.39999999999999997,10.35,10.35,1,1,0,no_threat,0,False,False,True,False,,imputed,False,1
202505021258,2025-05-02T12:58:30+00:00,Drake Passage,-56.87,-67.91,7.3,7.3,35.0,35.0,0.35,9.5,9.5,1,1,0,no_threat,0,False,False,True,False,,imputed,False,1
202505021759,2025-05-02T17:59:10+00:00,Drake Passage,-57.29,-67.04,6.5,6.5,10.0,10.0,0.35,9.833333333333334,9.833333333333334,1,1,0,no_threat,0,False,False,True,False,,imputed,False,1
202506240158,2025-06-24T01:58:11+00:00,East of Philippine Islands,7.84,129.7,6.7,6.7,13.0,13.0,0.39999999999999997,7.816666666666666,7.816666666666666,1,1,0,no_threat,0,False,False,True,False,,imputed,False,1
202507140549,2025-07-14T05:49:58+00:00,"Tanimbar Islands Region, Indonesia",-6.23,131.31,6.9,6.9,108.0,108.0,0.49999999999999994,6.033333333333333,6.033333333333333,1,1,0,no_threat,0,False,False,True,False,,imputed,False,1
202507162037,2025-07-16T20:37:38+00:00,Alaska Peninsula,54.82,-160.68,7.5,7.5,10.0,10.0,0.35,12.366666666666667,12.366666666666667,1,1,0,no_threat,0,False,False,True,False,,imputed,False,1
202507200628,2025-07-20T06:28:22+00:00,Near East Coast of Kamchatka,53.17,160.28,6.5,6.5,49.0,49.0,0.7,17.633333333333333,17.633333333333333,1,1,0,no_threat,0,False,False,True,False,,imputed,False,1
202507200649,2025-07-20T06:49:03+00:00,Off East Coast of Kamchatka,52.87,160.61,6.7,6.7,10.0,10.0,0.7,12.95,12.95,1,1,0,no_threat,0,False,False,True,False,,imputed,False,1
202507200707,2025-07-20T07:07:49+00:00,Off East Coast of Kamchatka,52.9,160.63,6.7,6.7,55.0,55.0,0.7,15.183333333333334,15.183333333333334,1,1,0,no_threat,0,False,False,True,False,,imputed,False,1
202507282210,2025-07-28T22:10:31+00:00,Macquarie Island Region,-57.91,157.3,6.7,6.7,10.0,10.0,0.35,8.483333333333333,8.483333333333333,1,1,0,no_threat,0,False,False,True,False,,imputed,False,1
202507292324,2025-07-29T23:24:50+00:00,Off East Coast of Kamchatka,52.53,160.13,7.6,8.6,10.0,43.0,0.7,11.166666666666666,148.1,2,2,0,no_threat,0,False,False,True,False,,imputed,True,1
202507300230,2025-07-30T02:30:36+00:00,Kuril Islands,50.57,157.66,6.8,6.8,10.0,10.0,0.35,13.4,13.4,1,1,0,no_threat,0,False,False,True,False,,imputed,False,1
202508030537,2025-08-03T05:37:55+00:00,Kuril Islands,50.71,157.62,6.8,6.8,26.0,26.0,0.35,11.083333333333334,11.083333333333334,1,1,0,no_threat,0,False,False,True,False,,imputed,False,1
202508220216,2025-08-22T02:16:19+00:00,Drake Passage,-60.26,-61.81,7.4,7.4,10.0,10.0,0.35,10.683333333333334,10.683333333333334,1,1,0,no_threat,0,False,False,True,False,,imputed,False,1
202509130237,2025-09-13T02:37:52+00:00,Near East Coast of Kamchatka,53.14,160.2,7.0,7.0,10.0,10.0,0.7,9.133333333333333,9.133333333333333,1,1,0,no_threat,0,False,False,True,False,,imputed,False,1
202509181858,2025-09-18T18:58:22+00:00,Near East Coast of Kamchatka,53.31,160.39,7.5,7.5,81.0,81.0,0.7,12.633333333333333,12.633333333333333,1,1,0,no_threat,0,False,False,True,False,,imputed,False,1
202509301359,2025-09-30T13:59:46+00:00,"Leyte, Philippines",11.19,124.27,7.1,7.1,23.0,23.0,0.35,9.233333333333333,9.233333333333333,1,1,0,no_threat,0,False,False,True,False,,imputed,False,1
202510071105,2025-10-07T11:05:19+00:00,Papua New Guinea Region,-6.82,146.85,6.7,6.7,118.0,118.0,0.39999999999999997,7.683333333333334,7.683333333333334,1,1,0,no_threat,0,False,False,True,False,,imputed,False,1
202510100143,2025-10-10T01:43:58+00:00,"Mindanao, Philippines",7.34,126.87,7.6,7.6,56.0,56.0,0.39999999999999997,8.033333333333333,8.033333333333333,1,1,0,no_threat,0,False,False,True,False,,imputed,False,1
202510101112,2025-10-10T11:12:12+00:00,"Mindanao, Philippines",6.93,126.66,6.9,6.9,56.0,56.0,0.39999999999999997,6.8,6.8,1,1,0,no_threat,0,False,False,True,False,,imputed,False,1
202510160548,2025-10-16T05:48:53+00:00,Near North Coast of West Papua,-1.94,139.03,6.6,6.6,18.0,18.0,0.75,8.116666666666667,8.116666666666667,1,1,0,no_threat,0,False,False,True,False,,imputed,False,1
202511090803,2025-11-09T08:03:41+00:00,"Off East Coast of Honshu, Japan",39.49,143.24,6.6,6.6,26.0,26.0,0.7,13.316666666666666,13.316666666666666,1,1,0,no_threat,0,False,False,True,False,,imputed,False,1
202512081415,2025-12-08T14:15:06+00:00,"Hokkaido, Japan Region",41.08,142.14,7.5,7.5,10.0,10.0,0.35,9.9,9.9,1,1,0,no_threat,0,False,False,True,False,,imputed,False,1
202512120244,2025-12-12T02:44:11+00:00,"Near East Coast of Honshu, Japan",40.96,142.82,6.5,6.5,10.0,10.0,0.7,7.816666666666666,7.816666666666666,1,1,0,no_threat,0,False,False,True,False,,imputed,False,1
202512221031,2025-12-22T10:31:26+00:00,Papua New Guinea Region,-5.69,145.64,6.5,6.5,97.0,97.0,0.39999999999999997,7.566666666666666,7.566666666666666,1,1,0,no_threat,0,False,False,True,False,,imputed,False,1
202512271505,2025-12-27T15:05:56+00:00,Taiwan Region,24.59,122.1,6.9,6.9,56.0,56.0,0.35,8.066666666666666,8.066666666666666,1,1,0,no_threat,0,False,False,True,False,,imputed,False,1
202601101458,2026-01-10T14:58:25+00:00,"Talaud Islands, Indonesia",3.64,126.98,7.1,7.1,17.0,17.0,0.49999999999999994,4.583333333333333,4.583333333333333,1,1,0,no_threat,0,False,False,True,False,,imputed,False,1
202602221657,2026-02-22T16:57:46+00:00,Borneo,6.95,116.26,7.2,7.2,629.0,629.0,0.39999999999999997,6.233333333333333,6.233333333333333,1,1,0,no_threat,0,False,False,True,False,,imputed,False,1
202603200022,2026-03-20T00:22:04+00:00,South Shetland Islands,-61.16,-56.58,6.7,6.7,10.0,10.0,0.35,8.933333333333334,8.933333333333334,1,1,0,no_threat,0,False,False,True,False,,imputed,False,1
202603240437,2026-03-24T04:37:49+00:00,Tonga Islands,-18.64,-175.21,7.5,7.5,237.0,237.0,0.35,9.183333333333334,9.183333333333334,1,1,0,no_threat,0,False,False,True,False,,imputed,False,1
