event_id,origin_time_utc,latitude,longitude,location_name,country,region,cause,event_validity,eq_magnitude,eq_depth_km,max_event_runup_m,tsunami_intensity,deaths_total,num_runup,url
39,0416-01-01T00:00:00+00:00,-6.102,105.423,JAVA-S. JAVA,INDONESIA,Indian Ocean (including W. Australia and W. Indonesia),Volcano,Questionable Tsunami,,,,3.5,,4,https://www.ngdc.noaa.gov/hazel/view/hazards/tsunami/event-more-info/39
222,1608-07-01T00:00:00+00:00,0.8,127.325,"GAMALAMA, TERNATE ISLAND",INDONESIA,E. Indonesia and Malaysia,Volcano,Probable Tsunami,,,,1.5,,1,https://www.ngdc.noaa.gov/hazel/view/hazards/tsunami/event-more-info/222
243,1629-08-01T00:00:00+00:00,-4.6,129.9,BANDA SEA,INDONESIA,E. Indonesia and Malaysia,Earthquake,Probable Tsunami,,,16.0,3.0,5.0,3,https://www.ngdc.noaa.gov/hazel/view/hazards/tsunami/event-more-info/243
260,1645-11-30T12:00:00+00:00,14.4,121.0,W. LUZON ISLAND,PHILIPPINES,"China, North and South Korea, Philippines, Taiwan",Earthquake,Very Doubtful Tsunami,8.0,,,,600.0,1,https://www.ngdc.noaa.gov/hazel/view/hazards/tsunami/event-more-info/260
278,1653-07-01T00:00:00+00:00,13.1,121.6,SIBUYAN SEA,PHILIPPINES,"China, North and South Korea, Philippines, Taiwan",Earthquake,Very Doubtful Tsunami,,,,1.0,,1,https://www.ngdc.noaa.gov/hazel/view/hazards/tsunami/event-more-info/278
283,1657-12-01T00:00:00+00:00,-3.0,128.0,BANDA SEA,INDONESIA,E. Indonesia and Malaysia,Earthquake,Questionable Tsunami,,,,1.0,,1,https://www.ngdc.noaa.gov/hazel/view/hazards/tsunami/event-more-info/283
285,1659-11-11T00:00:00+00:00,-6.92,129.125,BANDA SEA,INDONESIA,E. Indonesia and Malaysia,Volcano,Questionable Tsunami,,,1.5,0.0,,1,https://www.ngdc.noaa.gov/hazel/view/hazards/tsunami/event-more-info/285
312,1673-08-12T00:00:00+00:00,1.375,127.52,N. MOLUCCAS ISLANDS,INDONESIA,E. Indonesia and Malaysia,Volcano,Probable Tsunami,,,,1.0,,1,https://www.ngdc.noaa.gov/hazel/view/hazards/tsunami/event-more-info/312
315,1674-02-17T11:30:00+00:00,-3.75,127.75,BANDA SEA,INDONESIA,E. Indonesia and Malaysia,Earthquake and Landslide,Definite Tsunami,6.8,40.0,100.0,1.5,2330.0,33,https://www.ngdc.noaa.gov/hazel/view/hazards/tsunami/event-more-info/315
316,1674-05-06T00:00:00+00:00,-3.7,128.2,BANDA SEA,INDONESIA,E. Indonesia and Malaysia,Earthquake,Probable Tsunami,6.0,,,0.0,,1,https://www.ngdc.noaa.gov/hazel/view/hazards/tsunami/event-more-info/316
318,1675-03-01T00:00:00+00:00,13.0,121.0,SULU SEA,PHILIPPINES,"China, North and South Korea, Philippines, Taiwan",Earthquake,Questionable Tsunami,,,,1.0,,1,https://www.ngdc.noaa.gov/hazel/view/hazards/tsunami/event-more-info/318
323,1677-12-07T11:30:00+00:00,14.5,120.5,W. LUZON ISLAND,PHILIPPINES,"China, North and South Korea, Philippines, Taiwan",Earthquake,Questionable Tsunami,,,,1.0,2.0,1,https://www.ngdc.noaa.gov/hazel/view/hazards/tsunami/event-more-info/323
380,1708-11-28T00:00:00+00:00,-3.69,128.15,BANDA SEA,INDONESIA,E. Indonesia and Malaysia,Earthquake,Probable Tsunami,,,,2.0,,2,https://www.ngdc.noaa.gov/hazel/view/hazards/tsunami/event-more-info/380
381,1710-03-06T00:00:00+00:00,-4.53,129.9,BANDA SEA,INDONESIA,E. Indonesia and Malaysia,Earthquake,Probable Tsunami,,,,1.5,,1,https://www.ngdc.noaa.gov/hazel/view/hazards/tsunami/event-more-info/381
383,1711-09-05T00:00:00+00:00,-4.0,129.0,BANDA SEA,INDONESIA,E. Indonesia and Malaysia,Earthquake,Definite Tsunami,7.0,,1.2,1.5,2.0,5,https://www.ngdc.noaa.gov/hazel/view/hazards/tsunami/event-more-info/383
387,1716-09-24T00:00:00+00:00,14.002,120.993,"TAAL, LUZON ISLAND",PHILIPPINES,"China, North and South Korea, Philippines, Taiwan",Volcano,Definite Tsunami,,,,,,1,https://www.ngdc.noaa.gov/hazel/view/hazards/tsunami/event-more-info/387
392,1722-10-01T00:00:00+00:00,-6.174,106.829,"DJAKARTA (JAKARTA), JAVA",INDONESIA,Indian Ocean (including W. Australia and W. Indonesia),Earthquake,Very Doubtful Tsunami,,,,0.0,,1,https://www.ngdc.noaa.gov/hazel/view/hazards/tsunami/event-more-info/392
407,1735-12-27T00:00:00+00:00,15.8,121.7,E. LUZON ISLAND,PHILIPPINES,"China, North and South Korea, Philippines, Taiwan",Earthquake,Questionable Tsunami,,,,1.5,,1,https://www.ngdc.noaa.gov/hazel/view/hazards/tsunami/event-more-info/407
428,1747-01-01T00:00:00+00:00,13.6,123.2,SOUTHEASTERN LUZON ISLAND,PHILIPPINES,"China, North and South Korea, Philippines, Taiwan",Earthquake,Very Doubtful Tsunami,,,,,,1,https://www.ngdc.noaa.gov/hazel/view/hazards/tsunami/event-more-info/428
431,1749-08-12T01:00:00+00:00,14.002,120.993,"TAAL, LUZON ISLAND",PHILIPPINES,"China, North and South Korea, Philippines, Taiwan",Volcano,Definite Tsunami,,,,,,1,https://www.ngdc.noaa.gov/hazel/view/hazards/tsunami/event-more-info/431
449,1754-08-18T00:00:00+00:00,-3.5,128.5,BANDA SEA,INDONESIA,E. Indonesia and Malaysia,Earthquake,Probable Tsunami,6.5,,,0.0,4.0,3,https://www.ngdc.noaa.gov/hazel/view/hazards/tsunami/event-more-info/449
453,1754-09-07T00:00:00+00:00,-3.5,128.5,BANDA SEA,INDONESIA,E. Indonesia and Malaysia,Earthquake,Questionable Tsunami,,,,0.0,,1,https://www.ngdc.noaa.gov/hazel/view/hazards/tsunami/event-more-info/453
465,1757-08-24T00:00:00+00:00,-6.0,107.0,JAKARTA,INDONESIA,Indian Ocean (including W. Australia and W. Indonesia),Earthquake,Questionable Tsunami,7.5,,0.5,-0.5,,1,https://www.ngdc.noaa.gov/hazel/view/hazards/tsunami/event-more-info/465
479,1763-09-12T00:00:00+00:00,-6.0,130.0,BANDA SEA,INDONESIA,E. Indonesia and Malaysia,Earthquake,Probable Tsunami,,,9.0,2.5,7.0,3,https://www.ngdc.noaa.gov/hazel/view/hazards/tsunami/event-more-info/479
500,1770-01-01T00:00:00+00:00,-5.0,102.0,SW. SUMATRA,INDONESIA,Indian Ocean (including W. Australia and W. Indonesia),Earthquake,Probable Tsunami,7.0,,,0.5,,1,https://www.ngdc.noaa.gov/hazel/view/hazards/tsunami/event-more-info/500
502,1770-12-01T00:00:00+00:00,14.6,120.98,W. LUZON ISLAND,PHILIPPINES,"China, North and South Korea, Philippines, Taiwan",Earthquake,Very Doubtful Tsunami,,,,0.0,,1,https://www.ngdc.noaa.gov/hazel/view/hazards/tsunami/event-more-info/502
504,1771-11-09T00:00:00+00:00,0.8,127.325,N. MOLUCCAS ISLANDS,INDONESIA,E. Indonesia and Malaysia,Volcano and Earthquake,Very Doubtful Tsunami,,,,0.5,1.0,1,https://www.ngdc.noaa.gov/hazel/view/hazards/tsunami/event-more-info/504
513,1775-04-18T00:00:00+00:00,-3.7,128.2,AMBON ISLAND,INDONESIA,E. Indonesia and Malaysia,Earthquake,Probable Tsunami,,,,0.0,,1,https://www.ngdc.noaa.gov/hazel/view/hazards/tsunami/event-more-info/513
576,1797-02-10T00:00:00+00:00,0.001,99.0,SW. SUMATRA,INDONESIA,Indian Ocean (including W. Australia and W. Indonesia),Earthquake,Definite Tsunami,8.0,,,3.0,300.0,2,https://www.ngdc.noaa.gov/hazel/view/hazards/tsunami/event-more-info/576
586,1802-08-01T00:00:00+00:00,-3.7,128.2,BANDA SEA,INDONESIA,E. Indonesia and Malaysia,Earthquake,Questionable Tsunami,,,,1.5,,1,https://www.ngdc.noaa.gov/hazel/view/hazards/tsunami/event-more-info/586
611,1814-01-01T00:00:00+00:00,-10.217,123.633,TIMOR ISLAND,INDONESIA,Indian Ocean (including W. Australia and W. Indonesia),Earthquake,Questionable Tsunami,,,,0.0,,1,https://www.ngdc.noaa.gov/hazel/view/hazards/tsunami/event-more-info/611
613,1815-04-10T00:00:00+00:00,-8.2,118.0,TAMBORA,INDONESIA,Indian Ocean (including W. Australia and W. Indonesia),Volcano,Definite Tsunami,,,4.0,1.5,60000.0,6,https://www.ngdc.noaa.gov/hazel/view/hazards/tsunami/event-more-info/613
615,1815-11-22T00:00:00+00:00,-8.1,114.9,BALI SEA,INDONESIA,Indian Ocean (including W. Australia and W. Indonesia),Earthquake and Landslide,Probable Tsunami,7.3,27.0,3.0,1.5,11453.0,4,https://www.ngdc.noaa.gov/hazel/view/hazards/tsunami/event-more-info/615
616,1816-05-01T00:00:00+00:00,5.0,96.5,MALACCA STRAIT,INDONESIA,Indian Ocean (including W. Australia and W. Indonesia),Earthquake,Questionable Tsunami,,,,0.0,,1,https://www.ngdc.noaa.gov/hazel/view/hazards/tsunami/event-more-info/616
621,1818-03-18T00:00:00+00:00,-4.0,101.5,"BENGKULU, SUMATRA",INDONESIA,Indian Ocean (including W. Australia and W. Indonesia),Earthquake and Landslide,Probable Tsunami,7.0,,,1.5,,1,https://www.ngdc.noaa.gov/hazel/view/hazards/tsunami/event-more-info/621
622,1818-11-08T00:00:00+00:00,-7.0,117.0,BALI SEA,INDONESIA,Indian Ocean (including W. Australia and W. Indonesia),Earthquake,Questionable Tsunami,8.5,600.0,3.5,2.0,,1,https://www.ngdc.noaa.gov/hazel/view/hazards/tsunami/event-more-info/622
635,1820-12-29T00:00:00+00:00,-7.0,119.0,FLORES SEA,INDONESIA,Indian Ocean (including W. Australia and W. Indonesia),Earthquake,Definite Tsunami,7.5,80.0,25.0,3.5,500.0,7,https://www.ngdc.noaa.gov/hazel/view/hazards/tsunami/event-more-info/635
643,1823-09-09T00:00:00+00:00,-6.5,108.5,JAVA,INDONESIA,Indian Ocean (including W. Australia and W. Indonesia),Earthquake,Questionable Tsunami,6.8,150.0,0.3,-1.5,,1,https://www.ngdc.noaa.gov/hazel/view/hazards/tsunami/event-more-info/643
647,1824-10-26T00:00:00+00:00,14.25,121.25,W. LUZON ISLAND,PHILIPPINES,"China, North and South Korea, Philippines, Taiwan",Earthquake,Very Doubtful Tsunami,,,,1.0,,1,https://www.ngdc.noaa.gov/hazel/view/hazards/tsunami/event-more-info/647
668,1828-11-09T10:30:00+00:00,14.55,120.9,W. LUZON ISLAND,PHILIPPINES,"China, North and South Korea, Philippines, Taiwan",Earthquake,Questionable Tsunami,7.5,,,0.5,,1,https://www.ngdc.noaa.gov/hazel/view/hazards/tsunami/event-more-info/668
675,1830-01-18T09:15:00+00:00,14.55,120.9,W. LUZON ISLAND,PHILIPPINES,"China, North and South Korea, Philippines, Taiwan",Earthquake,Event that only caused a seiche,,,1.0,,,1,https://www.ngdc.noaa.gov/hazel/view/hazards/tsunami/event-more-info/675
676,1830-09-16T00:00:00+00:00,14.55,120.9,W. LUZON ISLAND,PHILIPPINES,"China, North and South Korea, Philippines, Taiwan",Earthquake,Questionable Tsunami,,,,1.0,,1,https://www.ngdc.noaa.gov/hazel/view/hazards/tsunami/event-more-info/676
681,1833-11-24T00:00:00+00:00,-2.5,100.5,SW. SUMATRA,INDONESIA,Indian Ocean (including W. Australia and W. Indonesia),Earthquake,Definite Tsunami,8.3,75.0,,2.5,,6,https://www.ngdc.noaa.gov/hazel/view/hazards/tsunami/event-more-info/681
695,1836-03-05T00:00:00+00:00,-8.3,118.7,FLORES SEA,INDONESIA,Indian Ocean (including W. Australia and W. Indonesia),Earthquake,Questionable Tsunami,,,,0.5,,1,https://www.ngdc.noaa.gov/hazel/view/hazards/tsunami/event-more-info/695
701,1836-11-28T00:00:00+00:00,-8.3,118.7,FLORES SEA,INDONESIA,Indian Ocean (including W. Australia and W. Indonesia),Earthquake,Questionable Tsunami,7.5,,,0.5,,1,https://www.ngdc.noaa.gov/hazel/view/hazards/tsunami/event-more-info/701
706,1837-09-29T00:00:00+00:00,5.5,96.0,BANDA ACEH,INDONESIA,Indian Ocean (including W. Australia and W. Indonesia),Earthquake,Questionable Tsunami,7.3,100.0,,0.5,,3,https://www.ngdc.noaa.gov/hazel/view/hazards/tsunami/event-more-info/706
715,1840-01-04T00:00:00+00:00,-8.0,110.5,JAVA,INDONESIA,Indian Ocean (including W. Australia and W. Indonesia),Earthquake,Questionable Tsunami,7.0,150.0,,0.0,,1,https://www.ngdc.noaa.gov/hazel/view/hazards/tsunami/event-more-info/715
718,1840-02-14T00:00:00+00:00,0.8,127.325,N. MOLUCCAS ISLANDS,INDONESIA,E. Indonesia and Malaysia,Earthquake,Questionable Tsunami,,,,0.5,,1,https://www.ngdc.noaa.gov/hazel/view/hazards/tsunami/event-more-info/718
719,1840-03-22T00:00:00+00:00,12.9,123.9,PHILIPPINE SEA,PHILIPPINES,"China, North and South Korea, Philippines, Taiwan",Earthquake,Very Doubtful Tsunami,6.5,,,1.0,52.0,1,https://www.ngdc.noaa.gov/hazel/view/hazards/tsunami/event-more-info/719
724,1841-11-26T00:00:00+00:00,-5.0,130.0,MOLUCCAS ISLANDS,INDONESIA,E. Indonesia and Malaysia,Earthquake,Probable Tsunami,,,3.0,1.5,,1,https://www.ngdc.noaa.gov/hazel/view/hazards/tsunami/event-more-info/724
725,1841-12-16T00:00:00+00:00,-4.0,127.5,BANDA SEA,INDONESIA,E. Indonesia and Malaysia,Earthquake,Probable Tsunami,6.0,,1.5,1.5,,4,https://www.ngdc.noaa.gov/hazel/view/hazards/tsunami/event-more-info/725
728,1843-01-05T00:00:00+00:00,1.5,98.0,SW. SUMATRA,INDONESIA,Indian Ocean (including W. Australia and W. Indonesia),Earthquake,Definite Tsunami,7.3,70.0,,2.0,,3,https://www.ngdc.noaa.gov/hazel/view/hazards/tsunami/event-more-info/728
729,1843-02-07T00:00:00+00:00,-7.2,114.0,BALI SEA,INDONESIA,Indian Ocean (including W. Australia and W. Indonesia),Earthquake,Very Doubtful Tsunami,6.0,,,0.0,,1,https://www.ngdc.noaa.gov/hazel/view/hazards/tsunami/event-more-info/729
741,1845-02-08T07:30:00+00:00,1.5,124.85,CELEBES SEA,INDONESIA,E. Indonesia and Malaysia,Earthquake,Probable Tsunami,7.0,,,0.0,118.0,1,https://www.ngdc.noaa.gov/hazel/view/hazards/tsunami/event-more-info/741
749,1846-01-25T00:00:00+00:00,2.0,126.5,"TERNATE ISLAND, N. MOLUCCAS ISLANDS",INDONESIA,E. Indonesia and Malaysia,Earthquake,Definite Tsunami,7.3,,1.2,0.5,,2,https://www.ngdc.noaa.gov/hazel/view/hazards/tsunami/event-more-info/749
757,1847-10-31T00:00:00+00:00,7.333,93.667,LITTLE NICOBAR ISLAND,INDIA,Indian Ocean (including W. Australia and W. Indonesia),Earthquake,Probable Tsunami,,,,,,1,https://www.ngdc.noaa.gov/hazel/view/hazards/tsunami/event-more-info/757
763,1849-01-25T05:10:00+00:00,14.0,143.3,"GUAM, MARIANA ISLANDS",USA TERRITORY,"E. Australia, New Zealand, South Pacific Is.",Earthquake,Probable Tsunami,7.5,,6.1,2.0,,7,https://www.ngdc.noaa.gov/hazel/view/hazards/tsunami/event-more-info/763
780,1851-05-04T00:00:00+00:00,-5.0,105.0,LAMPUNG BAY,INDONESIA,Indian Ocean (including W. Australia and W. Indonesia),Unknown,Probable Tsunami,,,1.5,1.5,,1,https://www.ngdc.noaa.gov/hazel/view/hazards/tsunami/event-more-info/780
790,1852-09-16T10:30:00+00:00,14.0,120.5,W. LUZON ISLAND,PHILIPPINES,"China, North and South Korea, Philippines, Taiwan",Earthquake,Questionable Tsunami,7.5,,,1.5,3.0,1,https://www.ngdc.noaa.gov/hazel/view/hazards/tsunami/event-more-info/790
794,1852-11-11T00:00:00+00:00,1.5,98.0,"SIBOLGA, SUMATRA",INDONESIA,Indian Ocean (including W. Australia and W. Indonesia),Earthquake,Very Doubtful Tsunami,6.8,,,0.0,,3,https://www.ngdc.noaa.gov/hazel/view/hazards/tsunami/event-more-info/794
796,1852-11-19T00:00:00+00:00,-3.7,128.2,"AMBON ISLAND, BANDA SEA",INDONESIA,E. Indonesia and Malaysia,Earthquake,Very Doubtful Tsunami,,,,0.0,,1,https://www.ngdc.noaa.gov/hazel/view/hazards/tsunami/event-more-info/796
799,1852-11-25T22:40:00+00:00,-5.25,129.75,BANDA SEA,INDONESIA,E. Indonesia and Malaysia,Earthquake,Definite Tsunami,8.3,100.0,8.0,2.5,60.0,22,https://www.ngdc.noaa.gov/hazel/view/hazards/tsunami/event-more-info/799
804,1852-12-24T00:00:00+00:00,-5.0,130.5,BANDANEIRA,INDONESIA,E. Indonesia and Malaysia,Earthquake,Very Doubtful Tsunami,7.0,,,2.0,,7,https://www.ngdc.noaa.gov/hazel/view/hazards/tsunami/event-more-info/804
815,1854-01-04T00:00:00+00:00,-3.5,128.6,BANDA SEA,INDONESIA,E. Indonesia and Malaysia,Earthquake,Questionable Tsunami,6.0,,,0.0,,1,https://www.ngdc.noaa.gov/hazel/view/hazards/tsunami/event-more-info/815
827,1854-09-27T00:00:00+00:00,0.8,127.4,N. MOLUCCAS ISLANDS,INDONESIA,E. Indonesia and Malaysia,Earthquake,Probable Tsunami,,,,0.5,,1,https://www.ngdc.noaa.gov/hazel/view/hazards/tsunami/event-more-info/827
845,1855-04-14T00:00:00+00:00,-9.0,121.0,FLORES ISLAND,INDONESIA,Indian Ocean (including W. Australia and W. Indonesia),Unknown,Probable Tsunami,,,,1.0,,1,https://www.ngdc.noaa.gov/hazel/view/hazards/tsunami/event-more-info/845
859,1856-03-02T00:00:00+00:00,3.67,125.5,SANGIHE ISLAND,INDONESIA,E. Indonesia and Malaysia,Volcano,Definite Tsunami,,,,1.0,2806.0,2,https://www.ngdc.noaa.gov/hazel/view/hazards/tsunami/event-more-info/859
861,1856-07-25T00:00:00+00:00,-8.5,116.0,JAVA-FLORES SEA,INDONESIA,Indian Ocean (including W. Australia and W. Indonesia),Earthquake,Questionable Tsunami,,,,0.0,,1,https://www.ngdc.noaa.gov/hazel/view/hazards/tsunami/event-more-info/861
870,1857-05-13T00:00:00+00:00,-8.0,115.5,BALI SEA,INDONESIA,Indian Ocean (including W. Australia and W. Indonesia),Earthquake,Definite Tsunami,7.0,50.0,3.4,2.0,36.0,4,https://www.ngdc.noaa.gov/hazel/view/hazards/tsunami/event-more-info/870
872,1857-11-17T00:00:00+00:00,1.35,125.2,"KEMA, SULAWESI I, N. MOLUCCAS IS",INDONESIA,E. Indonesia and Malaysia,Earthquake,Probable Tsunami,,,,1.5,,2,https://www.ngdc.noaa.gov/hazel/view/hazards/tsunami/event-more-info/872
873,1857-11-18T00:00:00+00:00,1.35,125.2,"KEMA, SULAWESI I, N. MOLUCCAS IS",INDONESIA,E. Indonesia and Malaysia,Earthquake,Questionable Tsunami,,,,0.0,,1,https://www.ngdc.noaa.gov/hazel/view/hazards/tsunami/event-more-info/873
879,1858-12-13T00:00:00+00:00,1.0,126.0,N. MOLUCCAS ISLANDS,INDONESIA,E. Indonesia and Malaysia,Earthquake,Questionable Tsunami,7.3,,,1.5,,9,https://www.ngdc.noaa.gov/hazel/view/hazards/tsunami/event-more-info/879
880,1859-06-28T00:00:00+00:00,1.0,126.5,N. MOLUCCAS ISLANDS,INDONESIA,E. Indonesia and Malaysia,Earthquake,Definite Tsunami,7.0,,10.0,3.0,,4,https://www.ngdc.noaa.gov/hazel/view/hazards/tsunami/event-more-info/880
881,1859-07-20T00:00:00+00:00,-4.6,129.9,"LONTOR ISLAND, BANDA SEA",INDONESIA,E. Indonesia and Malaysia,Earthquake,Probable Tsunami,,,,0.0,,1,https://www.ngdc.noaa.gov/hazel/view/hazards/tsunami/event-more-info/881
882,1859-07-29T00:00:00+00:00,0.009,125.5,N. MOLUCCAS ISLANDS,INDONESIA,E. Indonesia and Malaysia,Earthquake,Definite Tsunami,7.3,,1.0,1.5,,5,https://www.ngdc.noaa.gov/hazel/view/hazards/tsunami/event-more-info/882
887,1859-09-25T00:00:00+00:00,-5.5,130.5,BANDA SEA,INDONESIA,E. Indonesia and Malaysia,Earthquake,Questionable Tsunami,6.8,,,0.5,,2,https://www.ngdc.noaa.gov/hazel/view/hazards/tsunami/event-more-info/887
892,1859-10-20T00:00:00+00:00,-9.0,111.0,SOUTH OF JAVA,INDONESIA,Indian Ocean (including W. Australia and W. Indonesia),Earthquake,Questionable Tsunami,,,,1.0,2.0,1,https://www.ngdc.noaa.gov/hazel/view/hazards/tsunami/event-more-info/892
895,1859-12-17T00:00:00+00:00,0.9,124.9,N. MOLUCCAS ISLANDS,INDONESIA,E. Indonesia and Malaysia,Earthquake,Questionable Tsunami,,,,0.0,,1,https://www.ngdc.noaa.gov/hazel/view/hazards/tsunami/event-more-info/895
896,1859-12-25T00:00:00+00:00,1.37,125.1,N. MOLUCCAS ISLANDS,INDONESIA,E. Indonesia and Malaysia,Unknown,Probable Tsunami,,,,1.0,,1,https://www.ngdc.noaa.gov/hazel/view/hazards/tsunami/event-more-info/896
901,1860-08-01T00:00:00+00:00,1.3,121.0,SULAWESI-N. MOLUCCAS ISLANDS,INDONESIA,E. Indonesia and Malaysia,Earthquake,Very Doubtful Tsunami,,,,0.0,,1,https://www.ngdc.noaa.gov/hazel/view/hazards/tsunami/event-more-info/901
902,1860-10-06T00:00:00+00:00,-1.25,128.5,CERAM SEA,INDONESIA,E. Indonesia and Malaysia,Earthquake,Probable Tsunami,,,,0.0,,1,https://www.ngdc.noaa.gov/hazel/view/hazards/tsunami/event-more-info/902
904,1861-02-16T00:00:00+00:00,-1.0,97.5,SW. SUMATRA,INDONESIA,Indian Ocean (including W. Australia and W. Indonesia),Earthquake,Definite Tsunami,8.5,70.0,7.0,3.0,1105.0,17,https://www.ngdc.noaa.gov/hazel/view/hazards/tsunami/event-more-info/904
906,1861-03-01T00:00:00+00:00,-3.7,128.2,BANDA SEA,INDONESIA,E. Indonesia and Malaysia,Unknown,Questionable Tsunami,,,1.8,1.0,,1,https://www.ngdc.noaa.gov/hazel/view/hazards/tsunami/event-more-info/906
907,1861-03-09T00:00:00+00:00,0.009,98.0,SW. SUMATRA,INDONESIA,Indian Ocean (including W. Australia and W. Indonesia),Earthquake,Definite Tsunami,7.0,20.0,,2.0,950.0,4,https://www.ngdc.noaa.gov/hazel/view/hazards/tsunami/event-more-info/907
909,1861-04-26T00:00:00+00:00,1.0,97.5,SW. SUMATRA,INDONESIA,Indian Ocean (including W. Australia and W. Indonesia),Earthquake,Definite Tsunami,7.0,70.0,,1.5,,1,https://www.ngdc.noaa.gov/hazel/view/hazards/tsunami/event-more-info/909
912,1861-06-05T00:00:00+00:00,-6.3,107.3,JAVA,INDONESIA,Indian Ocean (including W. Australia and W. Indonesia),Unknown,Questionable Tsunami,,,,1.0,,2,https://www.ngdc.noaa.gov/hazel/view/hazards/tsunami/event-more-info/912
913,1861-06-17T00:00:00+00:00,1.0,97.5,SW. SUMATRA,INDONESIA,Indian Ocean (including W. Australia and W. Indonesia),Earthquake,Probable Tsunami,6.8,,,0.5,,1,https://www.ngdc.noaa.gov/hazel/view/hazards/tsunami/event-more-info/913
914,1861-09-25T00:00:00+00:00,-1.5,100.0,SW. SUMATRA,INDONESIA,Indian Ocean (including W. Australia and W. Indonesia),Earthquake,Probable Tsunami,6.5,,,1.5,,1,https://www.ngdc.noaa.gov/hazel/view/hazards/tsunami/event-more-info/914
920,1862-03-04T09:30:00+00:00,14.5,121.0,W. LUZON ISLAND,PHILIPPINES,"China, North and South Korea, Philippines, Taiwan",Earthquake,Very Doubtful Tsunami,6.0,,,0.5,,0,https://www.ngdc.noaa.gov/hazel/view/hazards/tsunami/event-more-info/920
927,1863-03-16T00:00:00+00:00,-6.1,106.7,JAVA,INDONESIA,Indian Ocean (including W. Australia and W. Indonesia),Earthquake,Very Doubtful Tsunami,,,,0.0,,1,https://www.ngdc.noaa.gov/hazel/view/hazards/tsunami/event-more-info/927
928,1863-06-03T11:20:00+00:00,14.5,121.0,W. LUZON ISLAND,PHILIPPINES,"China, North and South Korea, Philippines, Taiwan",Earthquake,Questionable Tsunami,6.5,,,1.0,400.0,1,https://www.ngdc.noaa.gov/hazel/view/hazards/tsunami/event-more-info/928
934,1864-05-23T00:00:00+00:00,-1.0,135.0,NW. IRIAN JAYA,INDONESIA,E. Indonesia and Malaysia,Earthquake,Probable Tsunami,7.8,,3.0,1.5,250.0,2,https://www.ngdc.noaa.gov/hazel/view/hazards/tsunami/event-more-info/934
942,1865-10-19T00:00:00+00:00,13.25,123.5,PHILIPPINES,PHILIPPINES,"China, North and South Korea, Philippines, Taiwan",Earthquake,Questionable Tsunami,6.0,,,0.0,,1,https://www.ngdc.noaa.gov/hazel/view/hazards/tsunami/event-more-info/942
988,1868-08-19T00:00:00+00:00,11.67,92.73,ANDAMAN ISLANDS,INDIA,Indian Ocean (including W. Australia and W. Indonesia),Unknown,Probable Tsunami,,,4.0,,,1,https://www.ngdc.noaa.gov/hazel/view/hazards/tsunami/event-more-info/988
1006,1869-08-16T07:00:00+00:00,12.5,123.5,SULU SEA,PHILIPPINES,"China, North and South Korea, Philippines, Taiwan",Earthquake,Questionable Tsunami,7.0,,,0.0,,1,https://www.ngdc.noaa.gov/hazel/view/hazards/tsunami/event-more-info/1006
1020,1871-04-30T00:00:00+00:00,9.203,124.673,SULU SEA,PHILIPPINES,"China, North and South Korea, Philippines, Taiwan",Volcano,Very Doubtful Tsunami,,,,2.0,,1,https://www.ngdc.noaa.gov/hazel/view/hazards/tsunami/event-more-info/1020
1022,1871-03-03T00:00:00+00:00,2.28,125.425,RUANG,INDONESIA,E. Indonesia and Malaysia,Volcano,Definite Tsunami,,,25.0,3.5,400.0,5,https://www.ngdc.noaa.gov/hazel/view/hazards/tsunami/event-more-info/1022
1027,1871-08-25T00:00:00+00:00,0.5,123.0,N. MOLUCCAS ISLANDS,INDONESIA,E. Indonesia and Malaysia,Earthquake,Very Doubtful Tsunami,,,,0.0,,1,https://www.ngdc.noaa.gov/hazel/view/hazards/tsunami/event-more-info/1027
1037,1872-01-26T00:00:00+00:00,16.0,119.0,PHILIPPINES,PHILIPPINES,"China, North and South Korea, Philippines, Taiwan",Earthquake,Probable Tsunami,6.0,,,1.5,,1,https://www.ngdc.noaa.gov/hazel/view/hazards/tsunami/event-more-info/1037
1064,1876-05-28T00:00:00+00:00,-3.0,127.25,CERAM SEA,INDONESIA,E. Indonesia and Malaysia,Earthquake,Probable Tsunami,6.8,50.0,0.3,-1.0,,1,https://www.ngdc.noaa.gov/hazel/view/hazards/tsunami/event-more-info/1064
1117,1880-07-18T04:40:00+00:00,16.0,121.85,E. LUZON ISLAND,PHILIPPINES,"China, North and South Korea, Philippines, Taiwan",Earthquake and Landslide,Definite Tsunami,7.5,100.0,,0.0,20.0,3,https://www.ngdc.noaa.gov/hazel/view/hazards/tsunami/event-more-info/1117
1128,1881-12-31T00:00:00+00:00,8.52,92.43,BAY OF BENGAL: W OF CAR NICOBAR IS,INDIA,Indian Ocean (including W. Australia and W. Indonesia),Earthquake,Probable Tsunami,7.9,,1.22,,,11,https://www.ngdc.noaa.gov/hazel/view/hazards/tsunami/event-more-info/1128
1135,1882-10-10T00:00:00+00:00,-4.5,129.9,BANDA SEA,INDONESIA,E. Indonesia and Malaysia,Earthquake,Probable Tsunami,7.5,,,0.5,,1,https://www.ngdc.noaa.gov/hazel/view/hazards/tsunami/event-more-info/1135
1138,1883-05-31T00:00:00+00:00,-2.25,106.0,BANKA ISLAND,INDONESIA,Indian Ocean (including W. Australia and W. Indonesia),Unknown,Very Doubtful Tsunami,,,,0.0,,1,https://www.ngdc.noaa.gov/hazel/view/hazards/tsunami/event-more-info/1138
1142,1883-08-27T02:59:00+00:00,-6.102,105.423,KRAKATAU,INDONESIA,Indian Ocean (including W. Australia and W. Indonesia),Volcano,Definite Tsunami,,,41.0,4.0,36417.0,102,https://www.ngdc.noaa.gov/hazel/view/hazards/tsunami/event-more-info/1142
1144,1883-10-10T00:00:00+00:00,-6.102,105.423,JAVA-S. JAVA,INDONESIA,Indian Ocean (including W. Australia and W. Indonesia),Volcano,Questionable Tsunami,,,,0.0,,1,https://www.ngdc.noaa.gov/hazel/view/hazards/tsunami/event-more-info/1144
1145,1884-02-01T00:00:00+00:00,-6.102,105.423,KRAKATAU,INDONESIA,Indian Ocean (including W. Australia and W. Indonesia),Volcano,Questionable Tsunami,,,,0.0,,0,https://www.ngdc.noaa.gov/hazel/view/hazards/tsunami/event-more-info/1145
1153,1885-04-30T00:00:00+00:00,-2.5,127.5,MOLUCCAS ISLANDS,INDONESIA,E. Indonesia and Malaysia,Earthquake,Probable Tsunami,7.3,,1.2,0.5,,2,https://www.ngdc.noaa.gov/hazel/view/hazards/tsunami/event-more-info/1153
1154,1885-07-29T00:00:00+00:00,0.0,99.5,"AJERBANGIS, SUMATRA",INDONESIA,Indian Ocean (including W. Australia and W. Indonesia),Earthquake,Questionable Tsunami,6.8,,,0.0,,1,https://www.ngdc.noaa.gov/hazel/view/hazards/tsunami/event-more-info/1154
1155,1885-08-03T00:00:00+00:00,1.1,124.3,SULAWESI ISLAND,INDONESIA,E. Indonesia and Malaysia,Unknown,Probable Tsunami,,,,0.0,,2,https://www.ngdc.noaa.gov/hazel/view/hazards/tsunami/event-more-info/1155
1160,1885-12-14T00:00:00+00:00,5.55,95.3,BANDA ACEH,INDONESIA,Indian Ocean (including W. Australia and W. Indonesia),Earthquake,Very Doubtful Tsunami,,,,,,1,https://www.ngdc.noaa.gov/hazel/view/hazards/tsunami/event-more-info/1160
1162,1886-01-31T00:00:00+00:00,5.6,95.3,BANDA ACEH,INDONESIA,Indian Ocean (including W. Australia and W. Indonesia),Earthquake,Very Doubtful Tsunami,,,,,,1,https://www.ngdc.noaa.gov/hazel/view/hazards/tsunami/event-more-info/1162
1163,1887-05-19T00:00:00+00:00,5.4,96.0,"SIGLI, ACEH, SUMATRA",INDONESIA,Indian Ocean (including W. Australia and W. Indonesia),Earthquake,Very Doubtful Tsunami,,,,,,1,https://www.ngdc.noaa.gov/hazel/view/hazards/tsunami/event-more-info/1163
1166,1887-02-02T00:00:00+00:00,10.7,122.6,PANAY ISLAND,PHILIPPINES,"China, North and South Korea, Philippines, Taiwan",Earthquake,Very Doubtful Tsunami,,,,,,1,https://www.ngdc.noaa.gov/hazel/view/hazards/tsunami/event-more-info/1166
1176,1888-03-21T00:00:00+00:00,5.8,95.0,BREUEH ISLAND,INDONESIA,Indian Ocean (including W. Australia and W. Indonesia),Earthquake,Very Doubtful Tsunami,,,,,,1,https://www.ngdc.noaa.gov/hazel/view/hazards/tsunami/event-more-info/1176
1178,1889-05-25T18:23:00+00:00,13.5,121.0,MINDORO ISLAND,PHILIPPINES,"China, North and South Korea, Philippines, Taiwan",Earthquake,Probable Tsunami,6.8,,0.1,-3.0,,1,https://www.ngdc.noaa.gov/hazel/view/hazards/tsunami/event-more-info/1178
1180,1889-08-16T00:00:00+00:00,-6.05,105.92,JAVA-S. JAVA,INDONESIA,Indian Ocean (including W. Australia and W. Indonesia),Unknown,Questionable Tsunami,,,,1.0,,1,https://www.ngdc.noaa.gov/hazel/view/hazards/tsunami/event-more-info/1180
1181,1889-09-06T12:00:00+00:00,1.0,126.25,N. MOLUCCAS ISLANDS,INDONESIA,E. Indonesia and Malaysia,Earthquake,Definite Tsunami,8.0,70.0,4.0,2.5,,7,https://www.ngdc.noaa.gov/hazel/view/hazards/tsunami/event-more-info/1181
1184,1889-11-23T00:00:00+00:00,-7.0,113.5,JAVA,INDONESIA,Indian Ocean (including W. Australia and W. Indonesia),Earthquake,Questionable Tsunami,6.0,,,1.0,,1,https://www.ngdc.noaa.gov/hazel/view/hazards/tsunami/event-more-info/1184
1185,1891-05-19T00:00:00+00:00,5.4,96.0,"SIGLI, ACEH, SUMATRA",INDONESIA,Indian Ocean (including W. Australia and W. Indonesia),Earthquake,Very Doubtful Tsunami,,,,,,1,https://www.ngdc.noaa.gov/hazel/view/hazards/tsunami/event-more-info/1185
1186,1891-06-10T00:00:00+00:00,-0.5,127.5,N. MOLUCCAS ISLANDS,INDONESIA,E. Indonesia and Malaysia,Unknown,Probable Tsunami,,,,0.5,,1,https://www.ngdc.noaa.gov/hazel/view/hazards/tsunami/event-more-info/1186
1187,1891-06-20T00:00:00+00:00,-4.0,129.0,BANDA SEA,INDONESIA,E. Indonesia and Malaysia,Unknown,Probable Tsunami,,,,0.0,,3,https://www.ngdc.noaa.gov/hazel/view/hazards/tsunami/event-more-info/1187
1190,1891-10-05T00:00:00+00:00,-9.0,124.0,TIMOR SEA,INDONESIA,Indian Ocean (including W. Australia and W. Indonesia),Earthquake,Probable Tsunami,7.0,,,0.5,,1,https://www.ngdc.noaa.gov/hazel/view/hazards/tsunami/event-more-info/1190
1195,1892-05-16T11:10:00+00:00,14.0,143.3,"GUAM, MARIANA ISLANDS",USA TERRITORY,"E. Australia, New Zealand, South Pacific Is.",Earthquake,Definite Tsunami,7.5,,,0.5,,1,https://www.ngdc.noaa.gov/hazel/view/hazards/tsunami/event-more-info/1195
1196,1892-05-17T12:10:00+00:00,2.5,99.5,NORTHEAST SUMATRA,INDONESIA,Indian Ocean (including W. Australia and W. Indonesia),Earthquake,Probable Tsunami,,,,1.0,,6,https://www.ngdc.noaa.gov/hazel/view/hazards/tsunami/event-more-info/1196
1197,1892-06-07T00:00:00+00:00,3.67,125.5,"AWU VOLCANO, SANGIHE ISLAND",INDONESIA,E. Indonesia and Malaysia,Volcano,Definite Tsunami,,,0.75,1.0,1532.0,6,https://www.ngdc.noaa.gov/hazel/view/hazards/tsunami/event-more-info/1197
1199,1892-11-18T00:00:00+00:00,-3.0,127.75,SERAM ISLAND,INDONESIA,E. Indonesia and Malaysia,Earthquake,Probable Tsunami,7.0,70.0,,-1.0,,1,https://www.ngdc.noaa.gov/hazel/view/hazards/tsunami/event-more-info/1199
1235,1896-10-10T00:00:00+00:00,-3.5,102.5,SW. SUMATRA,INDONESIA,Indian Ocean (including W. Australia and W. Indonesia),Earthquake,Questionable Tsunami,6.8,,,0.0,,1,https://www.ngdc.noaa.gov/hazel/view/hazards/tsunami/event-more-info/1235
1238,1897-03-15T00:00:00+00:00,-6.8,120.8,FLORES SEA,INDONESIA,Indian Ocean (including W. Australia and W. Indonesia),Earthquake,Questionable Tsunami,5.5,15.0,,1.0,,1,https://www.ngdc.noaa.gov/hazel/view/hazards/tsunami/event-more-info/1238
1244,1897-09-21T05:12:00+00:00,6.0,122.0,SULU SEA,PHILIPPINES,"China, North and South Korea, Philippines, Taiwan",Earthquake,Definite Tsunami,8.7,33.0,7.0,2.5,13.0,18,https://www.ngdc.noaa.gov/hazel/view/hazards/tsunami/event-more-info/1244
1266,1899-09-29T17:03:00+00:00,-3.0,128.5,BANDA SEA,INDONESIA,E. Indonesia and Malaysia,Earthquake and Landslide,Definite Tsunami,7.8,,12.0,3.0,2460.0,10,https://www.ngdc.noaa.gov/hazel/view/hazards/tsunami/event-more-info/1266
1275,1900-10-07T21:04:00+00:00,-4.0,140.0,BISMARCK SEA,INDONESIA,E. Indonesia and Malaysia,Earthquake,Probable Tsunami,6.9,,,1.5,5.0,4,https://www.ngdc.noaa.gov/hazel/view/hazards/tsunami/event-more-info/1275
1284,1901-09-10T00:30:00+00:00,14.0,121.6,E. LUZON ISLAND,PHILIPPINES,"China, North and South Korea, Philippines, Taiwan",Earthquake,Questionable Tsunami,7.0,,,0.0,,1,https://www.ngdc.noaa.gov/hazel/view/hazards/tsunami/event-more-info/1284
1290,1902-08-21T11:17:00+00:00,7.5,123.5,"ILLANA BAY, CELEBES SEA",PHILIPPINES,"China, North and South Korea, Philippines, Taiwan",Earthquake,Very Doubtful Tsunami,7.3,,,2.0,,1,https://www.ngdc.noaa.gov/hazel/view/hazards/tsunami/event-more-info/1290
1294,1903-03-30T00:00:00+00:00,-3.0,127.5,BANDA SEA,INDONESIA,E. Indonesia and Malaysia,Earthquake,Questionable Tsunami,6.5,33.0,1.0,0.0,,2,https://www.ngdc.noaa.gov/hazel/view/hazards/tsunami/event-more-info/1294
1309,1904-02-02T00:00:00+00:00,1.5,120.8,CELEBES SEA,INDONESIA,E. Indonesia and Malaysia,Unknown,Questionable Tsunami,,,,0.5,,1,https://www.ngdc.noaa.gov/hazel/view/hazards/tsunami/event-more-info/1309
1315,1904-07-04T00:00:00+00:00,-3.6,128.7,BANDA SEA,INDONESIA,E. Indonesia and Malaysia,Earthquake,Very Doubtful Tsunami,,,,1.0,,1,https://www.ngdc.noaa.gov/hazel/view/hazards/tsunami/event-more-info/1315
1318,1904-09-07T00:00:00+00:00,-7.7,109.0,S. JAVA,INDONESIA,Indian Ocean (including W. Australia and W. Indonesia),Earthquake,Very Doubtful Tsunami,,,,0.0,,1,https://www.ngdc.noaa.gov/hazel/view/hazards/tsunami/event-more-info/1318
1328,1905-12-08T08:22:00+00:00,11.0,123.5,W. LUZON ISLAND,PHILIPPINES,"China, North and South Korea, Philippines, Taiwan",Earthquake,Very Doubtful Tsunami,6.5,,,0.0,,1,https://www.ngdc.noaa.gov/hazel/view/hazards/tsunami/event-more-info/1328
1349,1907-01-04T05:19:13.200000+00:00,2.681,95.53,NW. SUMATRA,INDONESIA,Indian Ocean (including W. Australia and W. Indonesia),Earthquake,Definite Tsunami,8.2,50.0,15.0,2.0,2188.0,88,https://www.ngdc.noaa.gov/hazel/view/hazards/tsunami/event-more-info/1349
1351,1907-03-29T20:46:30+00:00,3.0,122.0,"KARAKELONG, TALAUD ISLANDS",INDONESIA,E. Indonesia and Malaysia,Earthquake,Very Doubtful Tsunami,7.3,500.0,4.0,2.0,,1,https://www.ngdc.noaa.gov/hazel/view/hazards/tsunami/event-more-info/1351
1364,1907-12-15T17:35:00+00:00,-3.1,142.5,BISMARCK SEA,PAPUA NEW GUINEA,"New Caledonia, New Guinea, Solomon Is., Vanuatu",Earthquake,Questionable Tsunami,7.4,33.0,,,,1,https://www.ngdc.noaa.gov/hazel/view/hazards/tsunami/event-more-info/1364
1367,1908-02-06T00:00:00+00:00,-2.0,100.0,SW. SUMATRA,INDONESIA,Indian Ocean (including W. Australia and W. Indonesia),Earthquake,Probable Tsunami,7.5,130.0,1.4,1.0,,1,https://www.ngdc.noaa.gov/hazel/view/hazards/tsunami/event-more-info/1367
1376,1909-06-03T18:40:48+00:00,-2.0,101.0,SUMATRA,INDONESIA,Indian Ocean (including W. Australia and W. Indonesia),Earthquake,Questionable Tsunami,7.6,40.0,,1.0,,4,https://www.ngdc.noaa.gov/hazel/view/hazards/tsunami/event-more-info/1376
1386,1909-12-09T23:28:00+00:00,12.5,145.0,"GUAM, MARIANA ISLANDS",USA TERRITORY,"E. Australia, New Zealand, South Pacific Is.",Earthquake,Definite Tsunami,8.0,100.0,,,,1,https://www.ngdc.noaa.gov/hazel/view/hazards/tsunami/event-more-info/1386
1390,1910-12-18T02:42:00+00:00,4.0,127.0,SULAWESI,INDONESIA,E. Indonesia and Malaysia,Earthquake,Questionable Tsunami,6.7,,,-1.0,,1,https://www.ngdc.noaa.gov/hazel/view/hazards/tsunami/event-more-info/1390
1391,1910-12-30T00:00:00+00:00,9.0,125.5,SULU SEA,PHILIPPINES,"China, North and South Korea, Philippines, Taiwan",Earthquake,Event that only caused a seiche,6.2,60.0,,1.0,,1,https://www.ngdc.noaa.gov/hazel/view/hazards/tsunami/event-more-info/1391
1392,1911-01-30T00:00:00+00:00,14.002,120.993,"TAAL, LUZON ISLAND",PHILIPPINES,"China, North and South Korea, Philippines, Taiwan",Volcano,Definite Tsunami,,,3.0,,1335.0,2,https://www.ngdc.noaa.gov/hazel/view/hazards/tsunami/event-more-info/1392
1397,1911-07-12T04:07:36+00:00,9.0,126.0,PHILIPPINE TRENCH,PHILIPPINES,"China, North and South Korea, Philippines, Taiwan",Earthquake,Event that only caused a seiche,7.8,50.0,,,,4,https://www.ngdc.noaa.gov/hazel/view/hazards/tsunami/event-more-info/1397
1403,1912-10-31T17:24:00+00:00,7.0,138.0,CAROLINE ISLANDS,"MICRONESIA, FED. STATES OF","E. Australia, New Zealand, South Pacific Is.",Earthquake,Very Doubtful Tsunami,6.9,33.0,,0.0,,1,https://www.ngdc.noaa.gov/hazel/view/hazards/tsunami/event-more-info/1403
1416,1914-05-26T14:22:47.700000+00:00,-1.829,136.943,NW. IRIAN JAYA,INDONESIA,E. Indonesia and Malaysia,Earthquake,Definite Tsunami,8.1,15.0,0.1,2.0,,5,https://www.ngdc.noaa.gov/hazel/view/hazards/tsunami/event-more-info/1416
1418,1914-06-25T19:07:25.900000+00:00,-3.924,101.82,INDONESIA,INDONESIA,Indian Ocean (including W. Australia and W. Indonesia),Earthquake,Questionable Tsunami,7.6,35.0,,,20.0,1,https://www.ngdc.noaa.gov/hazel/view/hazards/tsunami/event-more-info/1418
1421,1914-12-03T00:00:00+00:00,-3.7,128.2,AMBON ISLAND,INDONESIA,E. Indonesia and Malaysia,Unknown,Questionable Tsunami,,,,0.0,,0,https://www.ngdc.noaa.gov/hazel/view/hazards/tsunami/event-more-info/1421
1423,1915-05-23T00:00:00+00:00,-3.644,133.695,KAIMANA,INDONESIA,E. Indonesia and Malaysia,Earthquake,Very Doubtful Tsunami,,,0.5,0.0,,1,https://www.ngdc.noaa.gov/hazel/view/hazards/tsunami/event-more-info/1423
1430,1915-11-06T00:00:00+00:00,-1.0,136.0,NW. IRIAN JAYA,INDONESIA,E. Indonesia and Malaysia,Earthquake,Questionable Tsunami,6.0,,,0.0,,1,https://www.ngdc.noaa.gov/hazel/view/hazards/tsunami/event-more-info/1430
1437,1917-01-01T00:00:00+00:00,-0.25,104.5,LINGA ARCHIPELAGO,INDONESIA,Indian Ocean (including W. Australia and W. Indonesia),Unknown,Very Doubtful Tsunami,,,,1.5,,0,https://www.ngdc.noaa.gov/hazel/view/hazards/tsunami/event-more-info/1437
1438,1917-01-09T00:00:00+00:00,1.57,122.72,CELEBES SEA,INDONESIA,E. Indonesia and Malaysia,Unknown,Very Doubtful Tsunami,,,,2.0,,1,https://www.ngdc.noaa.gov/hazel/view/hazards/tsunami/event-more-info/1438
1439,1917-01-20T23:11:34+00:00,-7.0,116.0,BALI SEA,INDONESIA,Indian Ocean (including W. Australia and W. Indonesia),Earthquake,Probable Tsunami,6.6,33.0,2.0,,1500.0,2,https://www.ngdc.noaa.gov/hazel/view/hazards/tsunami/event-more-info/1439
1442,1917-01-31T03:39:55+00:00,6.0,125.0,CELEBES SEA,PHILIPPINES,"China, North and South Korea, Philippines, Taiwan",Earthquake,Probable Tsunami,6.4,33.0,1.5,,7.0,1,https://www.ngdc.noaa.gov/hazel/view/hazards/tsunami/event-more-info/1442
1443,1917-03-16T00:00:00+00:00,-3.7,116.6,JAVA SEA,INDONESIA,Indian Ocean (including W. Australia and W. Indonesia),Unknown,Questionable Tsunami,,,1.5,1.0,,2,https://www.ngdc.noaa.gov/hazel/view/hazards/tsunami/event-more-info/1443
1448,1917-07-29T21:52:31+00:00,-3.705,141.729,BISMARCK SEA,PAPUA NEW GUINEA,"New Caledonia, New Guinea, Solomon Is., Vanuatu",Earthquake,Questionable Tsunami,7.5,,0.9,1.0,,1,https://www.ngdc.noaa.gov/hazel/view/hazards/tsunami/event-more-info/1448
1449,1917-08-23T00:00:00+00:00,-3.6,128.7,BANDA SEA,INDONESIA,E. Indonesia and Malaysia,Unknown,Questionable Tsunami,,,,0.5,,1,https://www.ngdc.noaa.gov/hazel/view/hazards/tsunami/event-more-info/1449
1454,1918-07-18T02:30:00+00:00,3.138,125.491,SULAWESI,INDONESIA,E. Indonesia and Malaysia,Volcano,Very Doubtful Tsunami,,,0.08,0.0,,2,https://www.ngdc.noaa.gov/hazel/view/hazards/tsunami/event-more-info/1454
1456,1918-08-15T12:18:24+00:00,5.538,123.994,CELEBES SEA,PHILIPPINES,"China, North and South Korea, Philippines, Taiwan",Earthquake,Definite Tsunami,8.3,20.0,7.2,2.5,52.0,10,https://www.ngdc.noaa.gov/hazel/view/hazards/tsunami/event-more-info/1456
1465,1919-01-01T01:33:42+00:00,8.0,126.0,"MINDANAO ISLAND, PHILIPPINES",PHILIPPINES,"China, North and South Korea, Philippines, Taiwan",Earthquake,Very Doubtful Tsunami,7.4,33.0,0.44,,,3,https://www.ngdc.noaa.gov/hazel/view/hazards/tsunami/event-more-info/1465
1468,1919-02-13T00:00:00+00:00,-9.0,124.85,TIMOR SEA,INDONESIA,Indian Ocean (including W. Australia and W. Indonesia),Unknown,Questionable Tsunami,,,,1.5,,1,https://www.ngdc.noaa.gov/hazel/view/hazards/tsunami/event-more-info/1468
1479,1919-11-21T00:00:00+00:00,-2.55,140.75,NW. IRIAN JAYA,INDONESIA,E. Indonesia and Malaysia,Earthquake,Very Doubtful Tsunami,,,,,,1,https://www.ngdc.noaa.gov/hazel/view/hazards/tsunami/event-more-info/1479
1480,1920-01-29T00:00:00+00:00,0.87,122.92,N. MOLUCCAS ISLANDS,INDONESIA,E. Indonesia and Malaysia,Earthquake,Very Doubtful Tsunami,,,2.0,1.0,,2,https://www.ngdc.noaa.gov/hazel/view/hazards/tsunami/event-more-info/1480
1489,1921-05-14T11:17:45+00:00,0.7,117.9,MAKASSAR STRAIT,INDONESIA,E. Indonesia and Malaysia,Earthquake,Questionable Tsunami,6.2,,1.0,0.5,,1,https://www.ngdc.noaa.gov/hazel/view/hazards/tsunami/event-more-info/1489
1490,1921-09-11T04:01:38+00:00,-11.0,111.0,JAVA,INDONESIA,Indian Ocean (including W. Australia and W. Indonesia),Earthquake,Definite Tsunami,7.5,,0.1,-2.0,,3,https://www.ngdc.noaa.gov/hazel/view/hazards/tsunami/event-more-info/1490
1491,1921-11-11T18:36:08+00:00,8.0,127.0,PHILIPPINE TRENCH,PHILIPPINES,"China, North and South Korea, Philippines, Taiwan",Earthquake,Probable Tsunami,7.5,,,1.0,,4,https://www.ngdc.noaa.gov/hazel/view/hazards/tsunami/event-more-info/1491
1495,1922-01-19T21:58:58.500000+00:00,-7.111,143.53,BISMARCK SEA,PAPUA NEW GUINEA,"New Caledonia, New Guinea, Solomon Is., Vanuatu",Earthquake,Probable Tsunami,6.9,33.0,1.8,,,1,https://www.ngdc.noaa.gov/hazel/view/hazards/tsunami/event-more-info/1495
1496,1922-02-22T00:00:00+00:00,-3.3,128.9,BANDA SEA,INDONESIA,E. Indonesia and Malaysia,Earthquake,Very Doubtful Tsunami,,,,0.5,,1,https://www.ngdc.noaa.gov/hazel/view/hazards/tsunami/event-more-info/1496
1498,1922-02-27T20:39:50+00:00,10.2,124.1,CEBU ISLAND,PHILIPPINES,"China, North and South Korea, Philippines, Taiwan",Earthquake,Questionable Tsunami,6.3,,0.7,0.0,5.0,3,https://www.ngdc.noaa.gov/hazel/view/hazards/tsunami/event-more-info/1498
1499,1922-03-01T09:10:23+00:00,9.0,123.25,SULU SEA,PHILIPPINES,"China, North and South Korea, Philippines, Taiwan",Earthquake,Questionable Tsunami,6.0,33.0,,0.5,,1,https://www.ngdc.noaa.gov/hazel/view/hazards/tsunami/event-more-info/1499
1500,1922-04-10T00:00:00+00:00,-1.0,100.35,SW. SUMATRA,INDONESIA,Indian Ocean (including W. Australia and W. Indonesia),Earthquake,Very Doubtful Tsunami,,,,0.0,,1,https://www.ngdc.noaa.gov/hazel/view/hazards/tsunami/event-more-info/1500
1502,1922-07-08T00:00:00+00:00,5.5,95.2,"LHOKNGA, ACEH",INDONESIA,Indian Ocean (including W. Australia and W. Indonesia),Earthquake,Very Doubtful Tsunami,,,,0.0,,1,https://www.ngdc.noaa.gov/hazel/view/hazards/tsunami/event-more-info/1502
1512,1923-03-02T16:48:52+00:00,6.5,124.0,"MINDANAO ISLAND, PHILIPPINES",PHILIPPINES,"China, North and South Korea, Philippines, Taiwan",Earthquake,Probable Tsunami,7.2,22.0,,0.5,,1,https://www.ngdc.noaa.gov/hazel/view/hazards/tsunami/event-more-info/1512
1522,1923-07-18T02:24:19+00:00,9.3,125.0,"BUTUAN, SULU SEA",PHILIPPINES,"China, North and South Korea, Philippines, Taiwan",Earthquake,Questionable Tsunami,5.5,,,1.0,,1,https://www.ngdc.noaa.gov/hazel/view/hazards/tsunami/event-more-info/1522
1536,1924-04-14T16:20:23+00:00,6.5,126.5,E. MINDANAO ISLAND,PHILIPPINES,"China, North and South Korea, Philippines, Taiwan",Earthquake and Landslide,Definite Tsunami,8.3,33.0,,0.5,,3,https://www.ngdc.noaa.gov/hazel/view/hazards/tsunami/event-more-info/1536
1538,1924-05-06T16:09:20+00:00,16.0,118.0,PHILIPPINES,PHILIPPINES,"China, North and South Korea, Philippines, Taiwan",Earthquake and Landslide,Definite Tsunami,6.5,,,1.5,,1,https://www.ngdc.noaa.gov/hazel/view/hazards/tsunami/event-more-info/1538
1546,1924-08-30T03:04:07+00:00,8.5,126.5,E. MINDANAO ISLAND,PHILIPPINES,"China, North and South Korea, Philippines, Taiwan",Earthquake,Questionable Tsunami,7.3,33.0,,0.5,,2,https://www.ngdc.noaa.gov/hazel/view/hazards/tsunami/event-more-info/1546
1549,1925-01-08T00:00:00+00:00,-8.0,115.0,BANDA SEA,INDONESIA,Indian Ocean (including W. Australia and W. Indonesia),Earthquake,Very Doubtful Tsunami,,,1.0,0.0,,1,https://www.ngdc.noaa.gov/hazel/view/hazards/tsunami/event-more-info/1549
1554,1925-05-05T10:06:06+00:00,9.3,122.7,W. LUZON ISLAND,PHILIPPINES,"China, North and South Korea, Philippines, Taiwan",Earthquake,Questionable Tsunami,6.8,33.0,,0.5,17.0,1,https://www.ngdc.noaa.gov/hazel/view/hazards/tsunami/event-more-info/1554
1556,1925-05-25T03:43:06+00:00,12.2,122.1,W. LUZON ISLAND,PHILIPPINES,"China, North and South Korea, Philippines, Taiwan",Earthquake,Questionable Tsunami,6.3,,,0.5,,2,https://www.ngdc.noaa.gov/hazel/view/hazards/tsunami/event-more-info/1556
1559,1925-11-13T12:14:45+00:00,13.0,125.0,PHILIPPINE SEA,PHILIPPINES,"China, North and South Korea, Philippines, Taiwan",Earthquake,Probable Tsunami,7.3,22.0,,0.5,,2,https://www.ngdc.noaa.gov/hazel/view/hazards/tsunami/event-more-info/1559
1562,1925-12-22T00:00:00+00:00,10.0,138.0,CAROLINE ISLANDS,"MICRONESIA, FED. STATES OF","E. Australia, New Zealand, South Pacific Is.",Meteorological,Very Doubtful Tsunami,,,,1.5,,1,https://www.ngdc.noaa.gov/hazel/view/hazards/tsunami/event-more-info/1562
1567,1926-06-28T03:23:27.500000+00:00,0.059,101.419,SW. SUMATRA,INDONESIA,Indian Ocean (including W. Australia and W. Indonesia),Earthquake,Event that only caused a seiche,6.6,15.0,,0.0,,1,https://www.ngdc.noaa.gov/hazel/view/hazards/tsunami/event-more-info/1567
1587,1927-12-01T04:37:27+00:00,-0.7,119.7,SULAWESI,INDONESIA,E. Indonesia and Malaysia,Earthquake,Probable Tsunami,6.3,,15.0,3.0,50.0,2,https://www.ngdc.noaa.gov/hazel/view/hazards/tsunami/event-more-info/1587
1593,1928-03-26T00:00:00+00:00,-6.102,105.423,KRAKATAU,INDONESIA,Indian Ocean (including W. Australia and W. Indonesia),Volcano,Probable Tsunami,,,4.0,0.0,,0,https://www.ngdc.noaa.gov/hazel/view/hazards/tsunami/event-more-info/1593
1603,1928-06-15T06:12:36+00:00,12.4,120.9,SULU SEA,PHILIPPINES,"China, North and South Korea, Philippines, Taiwan",Earthquake,Probable Tsunami,7.0,33.0,,0.5,,1,https://www.ngdc.noaa.gov/hazel/view/hazards/tsunami/event-more-info/1603
1607,1928-08-04T00:00:00+00:00,-8.32,121.708,FLORES SEA,INDONESIA,Indian Ocean (including W. Australia and W. Indonesia),Volcano and Landslide,Definite Tsunami,,1.0,10.0,3.0,226.0,2,https://www.ngdc.noaa.gov/hazel/view/hazards/tsunami/event-more-info/1607
1611,1928-12-19T11:37:10+00:00,7.0,124.0,CELEBES SEA,PHILIPPINES,"China, North and South Korea, Philippines, Taiwan",Earthquake,Probable Tsunami,7.3,,,1.0,97.0,2,https://www.ngdc.noaa.gov/hazel/view/hazards/tsunami/event-more-info/1611
1617,1929-06-13T09:24:34+00:00,8.5,127.0,E. MINDANAO ISLAND,PHILIPPINES,"China, North and South Korea, Philippines, Taiwan",Earthquake,Probable Tsunami,7.2,,2.0,0.5,,4,https://www.ngdc.noaa.gov/hazel/view/hazards/tsunami/event-more-info/1617
1624,1930-03-17T00:00:00+00:00,-6.102,105.423,KRAKATAU,INDONESIA,Indian Ocean (including W. Australia and W. Indonesia),Volcano,Very Doubtful Tsunami,,,500.0,,,0,https://www.ngdc.noaa.gov/hazel/view/hazards/tsunami/event-more-info/1624
1625,1930-06-19T13:07:27+00:00,-5.6,105.3,SOUTH OF JAVA,INDONESIA,Indian Ocean (including W. Australia and W. Indonesia),Earthquake,Probable Tsunami,6.0,33.0,1.5,,,1,https://www.ngdc.noaa.gov/hazel/view/hazards/tsunami/event-more-info/1625
1626,1930-07-19T15:20:12+00:00,-9.3,114.3,SOUTH OF JAVA,INDONESIA,Indian Ocean (including W. Australia and W. Indonesia),Earthquake,Questionable Tsunami,6.5,100.0,0.1,,,1,https://www.ngdc.noaa.gov/hazel/view/hazards/tsunami/event-more-info/1626
1629,1930-09-11T00:00:00+00:00,1.2,124.57,CELEBES SEA,INDONESIA,E. Indonesia and Malaysia,Earthquake,Very Doubtful Tsunami,,,,0.0,,1,https://www.ngdc.noaa.gov/hazel/view/hazards/tsunami/event-more-info/1629
1632,1930-12-23T21:35:36+00:00,-1.3,144.3,BISMARCK SEA,PAPUA NEW GUINEA,"New Caledonia, New Guinea, Solomon Is., Vanuatu",Earthquake,Definite Tsunami,6.5,33.0,12.0,1.5,27.0,29,https://www.ngdc.noaa.gov/hazel/view/hazards/tsunami/event-more-info/1632
1641,1931-08-07T02:11:44.200000+00:00,-3.417,142.077,BISMARCK SEA,PAPUA NEW GUINEA,"New Caledonia, New Guinea, Solomon Is., Vanuatu",Earthquake,Very Doubtful Tsunami,7.0,35.0,,,,2,https://www.ngdc.noaa.gov/hazel/view/hazards/tsunami/event-more-info/1641
1644,1931-09-25T05:59:44+00:00,-5.0,102.75,SW. SUMATRA,INDONESIA,Indian Ocean (including W. Australia and W. Indonesia),Earthquake,Probable Tsunami,7.4,,1.0,,,1,https://www.ngdc.noaa.gov/hazel/view/hazards/tsunami/event-more-info/1644
1653,1932-09-09T13:38:52+00:00,-3.57,128.35,BANDA SEA,INDONESIA,E. Indonesia and Malaysia,Earthquake,Questionable Tsunami,6.2,17.0,,0.0,,2,https://www.ngdc.noaa.gov/hazel/view/hazards/tsunami/event-more-info/1653
1666,1933-12-25T00:00:00+00:00,12.77,124.05,E. SAMAR ISLAND,PHILIPPINES,"China, North and South Korea, Philippines, Taiwan",Volcano,Very Doubtful Tsunami,,,,1.0,9.0,1,https://www.ngdc.noaa.gov/hazel/view/hazards/tsunami/event-more-info/1666
1683,1935-09-20T01:46:43.500000+00:00,-3.824,141.416,BISMARCK SEA,PAPUA NEW GUINEA,"New Caledonia, New Guinea, Solomon Is., Vanuatu",Earthquake,Probable Tsunami,7.8,30.0,,,,1,https://www.ngdc.noaa.gov/hazel/view/hazards/tsunami/event-more-info/1683
1688,1935-11-25T10:03:03+00:00,5.5,94.0,CELEBES SEA,INDONESIA,Indian Ocean (including W. Australia and W. Indonesia),Earthquake,Questionable Tsunami,6.5,,,,,0,https://www.ngdc.noaa.gov/hazel/view/hazards/tsunami/event-more-info/1688
1689,1935-12-28T02:35:00+00:00,0.001,98.25,SW. SUMATRA,INDONESIA,Indian Ocean (including W. Australia and W. Indonesia),Earthquake,Very Doubtful Tsunami,7.9,33.0,,,,0,https://www.ngdc.noaa.gov/hazel/view/hazards/tsunami/event-more-info/1689
1690,1936-04-01T02:09:15+00:00,4.5,126.5,SULAWESI,INDONESIA,E. Indonesia and Malaysia,Earthquake,Definite Tsunami,7.7,60.0,3.0,2.0,,2,https://www.ngdc.noaa.gov/hazel/view/hazards/tsunami/event-more-info/1690
1692,1936-08-23T21:12:13+00:00,6.1,94.7,OFF NORTHWEST COAST,INDONESIA,Indian Ocean (including W. Australia and W. Indonesia),Earthquake,Questionable Tsunami,7.3,,,,9.0,0,https://www.ngdc.noaa.gov/hazel/view/hazards/tsunami/event-more-info/1692
1699,1937-08-20T11:59:16+00:00,14.5,121.5,W. LUZON ISLAND,PHILIPPINES,"China, North and South Korea, Philippines, Taiwan",Earthquake,Probable Tsunami,7.5,60.0,,1.0,1.0,2,https://www.ngdc.noaa.gov/hazel/view/hazards/tsunami/event-more-info/1699
1703,1937-11-06T00:00:00+00:00,-3.0,132.3,BANDA SEA,INDONESIA,E. Indonesia and Malaysia,Earthquake,Questionable Tsunami,6.0,33.0,0.5,,,1,https://www.ngdc.noaa.gov/hazel/view/hazards/tsunami/event-more-info/1703
1704,1938-02-01T19:04:22+00:00,-5.045,131.614,BANDA SEA,INDONESIA,E. Indonesia and Malaysia,Earthquake,Definite Tsunami,8.6,25.0,1.0,1.5,,5,https://www.ngdc.noaa.gov/hazel/view/hazards/tsunami/event-more-info/1704
1705,1938-02-13T00:00:00+00:00,-3.0,132.3,BANDA SEA,INDONESIA,E. Indonesia and Malaysia,Earthquake,Questionable Tsunami,6.0,,0.5,-0.5,,1,https://www.ngdc.noaa.gov/hazel/view/hazards/tsunami/event-more-info/1705
1710,1938-05-19T17:08:21+00:00,-1.0,120.0,MAKASSAR STRAIT,INDONESIA,E. Indonesia and Malaysia,Earthquake,Definite Tsunami,7.6,,3.0,,17.0,7,https://www.ngdc.noaa.gov/hazel/view/hazards/tsunami/event-more-info/1710
1735,1939-05-06T17:00:07+00:00,13.5,121.25,"TAYABAS BAY, SULU SEA",PHILIPPINES,"China, North and South Korea, Philippines, Taiwan",Earthquake,Very Doubtful Tsunami,6.5,110.0,,0.5,,1,https://www.ngdc.noaa.gov/hazel/view/hazards/tsunami/event-more-info/1735
1738,1939-12-21T21:00:40+00:00,0.0,123.0,N. MOLUCCAS ISLANDS,INDONESIA,E. Indonesia and Malaysia,Earthquake,Probable Tsunami,8.0,150.0,,,,2,https://www.ngdc.noaa.gov/hazel/view/hazards/tsunami/event-more-info/1738
1746,1941-06-26T11:52:03.700000+00:00,11.94,92.626,"ANDAMAN SEA, E. COAST INDIA",INDIA,Indian Ocean (including W. Australia and W. Indonesia),Earthquake,Definite Tsunami,8.0,20.0,1.5,,,2,https://www.ngdc.noaa.gov/hazel/view/hazards/tsunami/event-more-info/1746
1777,1948-01-24T17:46:43.700000+00:00,10.714,122.235,SULU SEA,PHILIPPINES,"China, North and South Korea, Philippines, Taiwan",Earthquake,Probable Tsunami,7.8,15.0,,1.5,74.0,5,https://www.ngdc.noaa.gov/hazel/view/hazards/tsunami/event-more-info/1777
1783,1948-06-01T18:58:18+00:00,6.0,95.0,OFF NORTHWEST COAST,INDONESIA,Indian Ocean (including W. Australia and W. Indonesia),Earthquake,Probable Tsunami,6.3,,,0.0,,1,https://www.ngdc.noaa.gov/hazel/view/hazards/tsunami/event-more-info/1783
1793,1949-05-09T13:36:18+00:00,5.0,95.0,BANDA ACEH,INDONESIA,Indian Ocean (including W. Australia and W. Indonesia),Earthquake,Questionable Tsunami,6.7,,,,,0,https://www.ngdc.noaa.gov/hazel/view/hazards/tsunami/event-more-info/1793
1809,1950-10-08T03:23:09+00:00,-3.8,128.3,BANDA SEA,INDONESIA,E. Indonesia and Malaysia,Earthquake,Probable Tsunami,7.6,,,2.0,1.0,2,https://www.ngdc.noaa.gov/hazel/view/hazards/tsunami/event-more-info/1809
1820,1952-03-19T10:57:12+00:00,9.5,127.25,"E. OF MINDANO, PHILIPPINES",PHILIPPINES,"China, North and South Korea, Philippines, Taiwan",Earthquake,Definite Tsunami,7.8,25.0,0.33,,,5,https://www.ngdc.noaa.gov/hazel/view/hazards/tsunami/event-more-info/1820
1850,1955-05-17T14:49:49+00:00,6.5,94.0,LITTLE NICOBAR ISLAND,INDIA,Indian Ocean (including W. Australia and W. Indonesia),Earthquake,Questionable Tsunami,7.3,,,,,0,https://www.ngdc.noaa.gov/hazel/view/hazards/tsunami/event-more-info/1850
1869,1957-06-22T23:50:23+00:00,-1.5,137.0,NW. IRIAN JAYA,INDONESIA,E. Indonesia and Malaysia,Earthquake,Probable Tsunami,7.3,33.0,1.8,,,2,https://www.ngdc.noaa.gov/hazel/view/hazards/tsunami/event-more-info/1869
1872,1957-09-26T00:00:00+00:00,-8.2,107.3,SOUTH OF JAVA,INDONESIA,Indian Ocean (including W. Australia and W. Indonesia),Earthquake,Probable Tsunami,5.5,,0.7,,,0,https://www.ngdc.noaa.gov/hazel/view/hazards/tsunami/event-more-info/1872
1873,1957-10-26T14:16:57+00:00,-2.0,116.0,MAKASSAR STRAIT,INDONESIA,E. Indonesia and Malaysia,Earthquake,Questionable Tsunami,6.0,,,0.0,,1,https://www.ngdc.noaa.gov/hazel/view/hazards/tsunami/event-more-info/1873
1879,1958-04-21T22:37:46+00:00,-4.5,104.0,"BENGKULU, SUMATRA",INDONESIA,Indian Ocean (including W. Australia and W. Indonesia),Earthquake,Questionable Tsunami,6.5,200.0,,0.5,,0,https://www.ngdc.noaa.gov/hazel/view/hazards/tsunami/event-more-info/1879
1942,1963-03-30T00:00:00+00:00,-8.342,115.508,LESSER SUNDA: BALI: AGUNG VOLCANO,INDONESIA,Indian Ocean (including W. Australia and W. Indonesia),Volcano,Questionable Tsunami,,,,2.0,1028.0,2,https://www.ngdc.noaa.gov/hazel/view/hazards/tsunami/event-more-info/1942
1949,1963-12-16T01:51:31+00:00,-6.4,105.4,JAVA,INDONESIA,Indian Ocean (including W. Australia and W. Indonesia),Earthquake,Questionable Tsunami,6.6,64.0,,0.0,,1,https://www.ngdc.noaa.gov/hazel/view/hazards/tsunami/event-more-info/1949
1956,1964-04-02T01:11:51+00:00,5.8,95.4,OFF NORTHWEST COAST OF INDONESIA,INDONESIA,Indian Ocean (including W. Australia and W. Indonesia),Earthquake and Landslide,Probable Tsunami,7.0,100.0,,0.0,,1,https://www.ngdc.noaa.gov/hazel/view/hazards/tsunami/event-more-info/1956
1963,1965-01-24T00:11:12.100000+00:00,-2.4,126.1,SANANA ISLAND,INDONESIA,E. Indonesia and Malaysia,Earthquake,Definite Tsunami,7.6,6.0,,2.0,71.0,4,https://www.ngdc.noaa.gov/hazel/view/hazards/tsunami/event-more-info/1963
1977,1965-09-28T00:00:00+00:00,14.002,120.993,"TAAL, LUZON ISLAND",PHILIPPINES,"China, North and South Korea, Philippines, Taiwan",Volcano,Definite Tsunami,,,4.7,,355.0,1,https://www.ngdc.noaa.gov/hazel/view/hazards/tsunami/event-more-info/1977
1987,1967-04-11T05:09:12.100000+00:00,-3.7,119.3,MAKASSAR STRAIT,INDONESIA,E. Indonesia and Malaysia,Earthquake,Probable Tsunami,5.5,33.0,,1.0,71.0,2,https://www.ngdc.noaa.gov/hazel/view/hazards/tsunami/event-more-info/1987
1988,1967-04-12T04:51:50.200000+00:00,5.5,97.3,NORTHEAST SUMATRA,INDONESIA,Indian Ocean (including W. Australia and W. Indonesia),Earthquake,Probable Tsunami,6.1,100.0,,1.5,14.0,1,https://www.ngdc.noaa.gov/hazel/view/hazards/tsunami/event-more-info/1988
2003,1968-08-01T20:19:21.900000+00:00,16.5,122.2,E. LUZON ISLAND,PHILIPPINES,"China, North and South Korea, Philippines, Taiwan",Earthquake,Definite Tsunami,7.3,36.0,0.16,,270.0,41,https://www.ngdc.noaa.gov/hazel/view/hazards/tsunami/event-more-info/2003
2006,1968-08-10T02:07:04.300000+00:00,1.4,126.2,N. MOLUCCAS ISLANDS,INDONESIA,E. Indonesia and Malaysia,Earthquake,Definite Tsunami,7.6,25.0,0.4,1.0,,22,https://www.ngdc.noaa.gov/hazel/view/hazards/tsunami/event-more-info/2006
2007,1968-08-14T22:14:19.400000+00:00,0.2,119.8,BANDA SEA,INDONESIA,E. Indonesia and Malaysia,Earthquake,Definite Tsunami,7.8,23.0,10.0,2.5,200.0,7,https://www.ngdc.noaa.gov/hazel/view/hazards/tsunami/event-more-info/2007
2011,1969-02-23T00:36:58.900000+00:00,-3.201,118.904,MAKASSAR STRAIT,INDONESIA,E. Indonesia and Malaysia,Earthquake,Definite Tsunami,7.0,15.0,4.0,2.0,664.0,5,https://www.ngdc.noaa.gov/hazel/view/hazards/tsunami/event-more-info/2011
2019,1970-01-10T12:07:08.600000+00:00,6.8,126.7,PHILIPPINE TRENCH,PHILIPPINES,"China, North and South Korea, Philippines, Taiwan",Earthquake,Definite Tsunami,7.6,73.0,0.06,,,1,https://www.ngdc.noaa.gov/hazel/view/hazards/tsunami/event-more-info/2019
2020,1970-04-07T05:34:05.600000+00:00,15.78,121.71,PHILIPPINE SEA,PHILIPPINES,"China, North and South Korea, Philippines, Taiwan",Earthquake,Probable Tsunami,7.3,40.0,4.27,1.0,15.0,3,https://www.ngdc.noaa.gov/hazel/view/hazards/tsunami/event-more-info/2020
2055,1972-12-02T00:19:47.200000+00:00,6.5,126.6,"MINDANAO ISLAND, PHILIPPINES",PHILIPPINES,"China, North and South Korea, Philippines, Taiwan",Earthquake,Questionable Tsunami,7.4,33.0,0.5,,,32,https://www.ngdc.noaa.gov/hazel/view/hazards/tsunami/event-more-info/2055
2072,1975-01-15T09:42:24+00:00,-5.0,130.0,BANDA SEA,INDONESIA,E. Indonesia and Malaysia,Earthquake,Very Doubtful Tsunami,5.9,33.0,,,,1,https://www.ngdc.noaa.gov/hazel/view/hazards/tsunami/event-more-info/2072
2079,1975-10-31T08:28:02.600000+00:00,12.54,125.993,PHILIPPINE TRENCH,PHILIPPINES,"China, North and South Korea, Philippines, Taiwan",Earthquake,Definite Tsunami,7.6,50.0,3.0,-1.5,1.0,28,https://www.ngdc.noaa.gov/hazel/view/hazards/tsunami/event-more-info/2079
2086,1976-08-16T16:11:07.300000+00:00,6.292,124.09,MORO GULF,PHILIPPINES,"China, North and South Korea, Philippines, Taiwan",Earthquake,Definite Tsunami,8.0,33.0,9.0,2.5,8000.0,44,https://www.ngdc.noaa.gov/hazel/view/hazards/tsunami/event-more-info/2086
2092,1977-08-19T06:08:55+00:00,-11.164,118.378,SUNDA ISLANDS,INDONESIA,Indian Ocean (including W. Australia and W. Indonesia),Earthquake,Definite Tsunami,8.3,25.0,15.0,3.0,189.0,16,https://www.ngdc.noaa.gov/hazel/view/hazards/tsunami/event-more-info/2092
2106,1978-06-14T12:32:33.900000+00:00,8.249,122.403,"MINDANAO ISLAND, PHILIPPINES",PHILIPPINES,"China, North and South Korea, Philippines, Taiwan",Earthquake,Probable Tsunami,6.9,24.0,0.03,,,1,https://www.ngdc.noaa.gov/hazel/view/hazards/tsunami/event-more-info/2106
2115,1979-07-18T00:00:00+00:00,-8.6,123.5,LOMBLEN ISLAND [LEMBATA],INDONESIA,Indian Ocean (including W. Australia and W. Indonesia),Landslide,Definite Tsunami,,,9.0,,1239.0,1,https://www.ngdc.noaa.gov/hazel/view/hazards/tsunami/event-more-info/2115
2119,1979-09-12T05:17:51.400000+00:00,-1.679,136.04,IRIAN JAYA,INDONESIA,E. Indonesia and Malaysia,Earthquake,Definite Tsunami,7.9,5.0,2.0,,115.0,2,https://www.ngdc.noaa.gov/hazel/view/hazards/tsunami/event-more-info/2119
2134,1982-02-24T04:22:40.300000+00:00,4.374,97.755,JAVA TRENCH,INDONESIA,Indian Ocean (including W. Australia and W. Indonesia),Earthquake,Questionable Tsunami,5.4,52.0,,,,0,https://www.ngdc.noaa.gov/hazel/view/hazards/tsunami/event-more-info/2134
2140,1983-03-12T01:36:35.800000+00:00,-4.056,127.924,BANDA SEA,INDONESIA,E. Indonesia and Malaysia,Earthquake,Definite Tsunami,6.9,17.0,3.0,1.5,,1,https://www.ngdc.noaa.gov/hazel/view/hazards/tsunami/event-more-info/2140
2151,1984-01-08T15:24:13.500000+00:00,-2.823,118.806,SULAWESI,INDONESIA,E. Indonesia and Malaysia,Earthquake,Very Doubtful Tsunami,6.8,33.0,,,2.0,0,https://www.ngdc.noaa.gov/hazel/view/hazards/tsunami/event-more-info/2151
2160,1985-04-13T01:06:00.100000+00:00,-9.245,114.185,BALI ISLAND,INDONESIA,Indian Ocean (including W. Australia and W. Indonesia),Earthquake,Questionable Tsunami,6.2,99.0,2.0,,,1,https://www.ngdc.noaa.gov/hazel/view/hazards/tsunami/event-more-info/2160
2195,1990-05-01T00:00:00+00:00,7.0,126.0,"CANIGUIN IS.,PHILIPPINES",PHILIPPINES,"China, North and South Korea, Philippines, Taiwan",Unknown,Very Doubtful Tsunami,,,5.0,,,1,https://www.ngdc.noaa.gov/hazel/view/hazards/tsunami/event-more-info/2195
2209,1992-05-17T10:15:31.300000+00:00,7.191,126.762,PHILIPPINES,PHILIPPINES,"China, North and South Korea, Philippines, Taiwan",Earthquake,Definite Tsunami,7.3,33.0,6.0,,,3,https://www.ngdc.noaa.gov/hazel/view/hazards/tsunami/event-more-info/2209
2214,1992-12-12T05:29:26.300000+00:00,-8.48,121.896,FLORES SEA,INDONESIA,Indian Ocean (including W. Australia and W. Indonesia),Earthquake and Landslide,Definite Tsunami,7.8,28.0,26.2,2.7,2500.0,111,https://www.ngdc.noaa.gov/hazel/view/hazards/tsunami/event-more-info/2214
2221,1993-08-08T08:34:24.900000+00:00,12.982,144.801,"GUAM, MARIANA ISLANDS",USA TERRITORY,"E. Australia, New Zealand, South Pacific Is.",Earthquake,Definite Tsunami,7.8,59.0,2.4,,,50,https://www.ngdc.noaa.gov/hazel/view/hazards/tsunami/event-more-info/2221
2224,1994-01-21T02:24:29.900000+00:00,1.015,127.733,HALMAHERA,INDONESIA,E. Indonesia and Malaysia,Earthquake,Definite Tsunami,7.0,20.0,2.0,1.5,9.0,3,https://www.ngdc.noaa.gov/hazel/view/hazards/tsunami/event-more-info/2224
2227,1994-06-02T18:17:34+00:00,-10.477,112.835,SOUTH OF JAVA,INDONESIA,Indian Ocean (including W. Australia and W. Indonesia),Earthquake,Definite Tsunami,7.8,18.0,13.9,2.5,238.0,75,https://www.ngdc.noaa.gov/hazel/view/hazards/tsunami/event-more-info/2227
2231,1994-10-08T21:44:07.200000+00:00,-1.258,127.98,HALMAHERA,INDONESIA,E. Indonesia and Malaysia,Earthquake,Definite Tsunami,6.8,17.0,3.0,1.5,1.0,1,https://www.ngdc.noaa.gov/hazel/view/hazards/tsunami/event-more-info/2231
2234,1994-11-14T19:15:30.600000+00:00,13.525,121.067,PHILIPPINE ISLANDS,PHILIPPINES,"China, North and South Korea, Philippines, Taiwan",Earthquake,Definite Tsunami,7.1,32.0,7.3,2.1,81.0,57,https://www.ngdc.noaa.gov/hazel/view/hazards/tsunami/event-more-info/2234
2241,1995-04-21T00:34:46+00:00,12.059,125.58,SAMAR ISLAND,PHILIPPINES,"China, North and South Korea, Philippines, Taiwan",Earthquake,Definite Tsunami,7.2,21.0,2.0,-2.0,,3,https://www.ngdc.noaa.gov/hazel/view/hazards/tsunami/event-more-info/2241
2242,1995-04-21T05:17:01.300000+00:00,12.047,125.92,SAMAR ISLAND,PHILIPPINES,"China, North and South Korea, Philippines, Taiwan",Earthquake,Definite Tsunami,6.8,23.0,0.1,-2.0,,0,https://www.ngdc.noaa.gov/hazel/view/hazards/tsunami/event-more-info/2242
2245,1995-05-14T11:33:21.100000+00:00,-8.452,125.049,TIMOR SEA,INDONESIA,Indian Ocean (including W. Australia and W. Indonesia),Earthquake and Landslide,Definite Tsunami,6.9,13.0,4.0,1.5,11.0,2,https://www.ngdc.noaa.gov/hazel/view/hazards/tsunami/event-more-info/2245
2259,1996-01-01T08:05:10.800000+00:00,0.729,119.931,SULAWESI,INDONESIA,E. Indonesia and Malaysia,Earthquake,Definite Tsunami,7.9,24.0,3.43,1.8,9.0,16,https://www.ngdc.noaa.gov/hazel/view/hazards/tsunami/event-more-info/2259
2260,1996-02-17T05:59:30.500000+00:00,-0.891,136.952,IRIAN JAYA,INDONESIA,E. Indonesia and Malaysia,Earthquake and Landslide,Definite Tsunami,8.2,33.0,7.7,1.8,164.0,116,https://www.ngdc.noaa.gov/hazel/view/hazards/tsunami/event-more-info/2260
2281,1998-07-17T08:49:16.100000+00:00,-2.943,142.582,PAPUA NEW GUINEA,PAPUA NEW GUINEA,"New Caledonia, New Guinea, Solomon Is., Vanuatu",Earthquake and Landslide,Definite Tsunami,7.0,25.0,15.03,,1636.0,93,https://www.ngdc.noaa.gov/hazel/view/hazards/tsunami/event-more-info/2281
2338,2000-05-04T04:21:16.200000+00:00,-1.105,123.573,SULAWESI,INDONESIA,E. Indonesia and Malaysia,Earthquake,Definite Tsunami,7.6,26.0,6.0,,54.0,2,https://www.ngdc.noaa.gov/hazel/view/hazards/tsunami/event-more-info/2338
2341,2000-06-18T14:44:13.300000+00:00,-13.802,97.453,SOUTH INDIAN OCEAN,AUSTRALIA,Indian Ocean (including W. Australia and W. Indonesia),Earthquake,Definite Tsunami,7.9,10.0,0.3,,,1,https://www.ngdc.noaa.gov/hazel/view/hazards/tsunami/event-more-info/2341
2343,1982-03-11T10:32:27.100000+00:00,-9.265,118.479,SUMBAWA ISLAND,INDONESIA,Indian Ocean (including W. Australia and W. Indonesia),Earthquake,Very Doubtful Tsunami,6.6,33.0,0.1,,,0,https://www.ngdc.noaa.gov/hazel/view/hazards/tsunami/event-more-info/2343
2394,2002-03-05T21:16:09.100000+00:00,6.033,124.249,"MINDANAO ISLAND, PHILIPPINES",PHILIPPINES,"China, North and South Korea, Philippines, Taiwan",Earthquake,Definite Tsunami,7.5,31.0,3.0,,15.0,3,https://www.ngdc.noaa.gov/hazel/view/hazards/tsunami/event-more-info/2394
2398,2002-09-08T18:44:25.500000+00:00,-3.26,142.94,BISMARCK SEA,PAPUA NEW GUINEA,"New Caledonia, New Guinea, Solomon Is., Vanuatu",Earthquake,Definite Tsunami,7.6,13.0,5.5,1.08,4.0,88,https://www.ngdc.noaa.gov/hazel/view/hazards/tsunami/event-more-info/2398
2399,2002-09-13T22:28:29.400000+00:00,13.036,93.068,"ANDAMAN ISLANDS, INDIA",INDIA,Indian Ocean (including W. Australia and W. Indonesia),Earthquake,Definite Tsunami,6.5,21.0,,,2.0,4,https://www.ngdc.noaa.gov/hazel/view/hazards/tsunami/event-more-info/2399
2400,2002-10-10T10:50:20.500000+00:00,-1.757,134.297,IRIAN JAYA,INDONESIA,E. Indonesia and Malaysia,Earthquake,Very Doubtful Tsunami,7.6,10.0,5.0,2.82,8.0,3,https://www.ngdc.noaa.gov/hazel/view/hazards/tsunami/event-more-info/2400
2434,2004-01-28T22:15:30.700000+00:00,-3.12,127.4,SERAM ISLAND,INDONESIA,E. Indonesia and Malaysia,Earthquake,Definite Tsunami,6.7,17.0,,,,1,https://www.ngdc.noaa.gov/hazel/view/hazards/tsunami/event-more-info/2434
2439,2004-12-26T00:58:53.500000+00:00,3.295,95.982,OFF W. COAST OF SUMATRA,INDONESIA,Indian Ocean (including W. Australia and W. Indonesia),Earthquake,Definite Tsunami,9.1,30.0,50.9,,227899.0,2176,https://www.ngdc.noaa.gov/hazel/view/hazards/tsunami/event-more-info/2439
2487,2005-03-28T16:09:36.500000+00:00,2.085,97.108,INDONESIA,INDONESIA,Indian Ocean (including W. Australia and W. Indonesia),Earthquake,Definite Tsunami,8.6,30.0,4.2,,1319.0,76,https://www.ngdc.noaa.gov/hazel/view/hazards/tsunami/event-more-info/2487
2507,2005-04-10T10:29:11.200000+00:00,-1.644,99.607,KEPULAUAN MENTAWAI,INDONESIA,Indian Ocean (including W. Australia and W. Indonesia),Earthquake,Definite Tsunami,6.7,19.0,0.4,,,1,https://www.ngdc.noaa.gov/hazel/view/hazards/tsunami/event-more-info/2507
2588,1998-11-29T14:10:31.900000+00:00,-2.071,124.891,TALIABU ISLAND,INDONESIA,E. Indonesia and Malaysia,Earthquake,Questionable Tsunami,7.7,33.0,2.75,1.0,41.0,1,https://www.ngdc.noaa.gov/hazel/view/hazards/tsunami/event-more-info/2588
2589,1982-01-11T06:10:06.400000+00:00,13.752,124.358,PHILIPPINES,PHILIPPINES,"China, North and South Korea, Philippines, Taiwan",Earthquake,Questionable Tsunami,7.1,46.0,0.1,,,1,https://www.ngdc.noaa.gov/hazel/view/hazards/tsunami/event-more-info/2589
2592,1994-06-03T21:06:59.800000+00:00,-10.362,112.892,SOUTH OF JAVA,INDONESIA,Indian Ocean (including W. Australia and W. Indonesia),Earthquake,Definite Tsunami,6.6,26.0,3.7,,,1,https://www.ngdc.noaa.gov/hazel/view/hazards/tsunami/event-more-info/2592
2593,1994-06-05T01:45:02.700000+00:00,-10.341,113.369,SOUTH OF JAVA,INDONESIA,Indian Ocean (including W. Australia and W. Indonesia),Earthquake,Definite Tsunami,6.1,17.0,3.0,,,1,https://www.ngdc.noaa.gov/hazel/view/hazards/tsunami/event-more-info/2593
2772,1903-02-10T02:28:00+00:00,14.0,143.3,"GUAM, MARIANA ISLANDS",USA TERRITORY,"E. Australia, New Zealand, South Pacific Is.",Earthquake,Very Doubtful Tsunami,,,0.15,2.0,,1,https://www.ngdc.noaa.gov/hazel/view/hazards/tsunami/event-more-info/2772
2832,2006-07-17T08:19:26+00:00,-9.284,107.419,SOUTH OF JAVA,INDONESIA,Indian Ocean (including W. Australia and W. Indonesia),Earthquake,Definite Tsunami,7.7,20.0,20.9,,802.0,211,https://www.ngdc.noaa.gov/hazel/view/hazards/tsunami/event-more-info/2832
2853,1754-11-15T00:00:00+00:00,14.002,120.993,"TAAL, LUZON ISLAND",PHILIPPINES,"China, North and South Korea, Philippines, Taiwan",Volcano,Very Doubtful Tsunami,,,,,12.0,1,https://www.ngdc.noaa.gov/hazel/view/hazards/tsunami/event-more-info/2853
2875,2006-03-14T06:57:33.800000+00:00,-3.595,127.214,SERAM ISLAND,INDONESIA,E. Indonesia and Malaysia,Earthquake,Definite Tsunami,6.7,30.0,3.5,,4.0,1,https://www.ngdc.noaa.gov/hazel/view/hazards/tsunami/event-more-info/2875
2932,1767-01-01T00:00:00+00:00,14.0,143.3,"GUAM, MARIANA ISLANDS",USA TERRITORY,"E. Australia, New Zealand, South Pacific Is.",Unknown,Very Doubtful Tsunami,,,,,,1,https://www.ngdc.noaa.gov/hazel/view/hazards/tsunami/event-more-info/2932
2933,1809-01-01T00:00:00+00:00,14.0,143.3,"GUAM, MARIANA ISLANDS",USA TERRITORY,"E. Australia, New Zealand, South Pacific Is.",Earthquake,Very Doubtful Tsunami,,,,,,1,https://www.ngdc.noaa.gov/hazel/view/hazards/tsunami/event-more-info/2933
2934,1825-04-01T00:00:00+00:00,14.0,143.3,"GUAM, MARIANA ISLANDS",USA TERRITORY,"E. Australia, New Zealand, South Pacific Is.",Earthquake,Questionable Tsunami,,,,,,1,https://www.ngdc.noaa.gov/hazel/view/hazards/tsunami/event-more-info/2934
3013,2004-11-11T21:26:41.100000+00:00,-8.152,124.868,KEPULAUAN ALOR,INDONESIA,Indian Ocean (including W. Australia and W. Indonesia),Earthquake,Definite Tsunami,7.5,10.0,2.0,,34.0,3,https://www.ngdc.noaa.gov/hazel/view/hazards/tsunami/event-more-info/3013
3132,1815-04-11T00:00:00+00:00,-3.7,128.4,AMBON ISLAND,INDONESIA,E. Indonesia and Malaysia,Earthquake,Very Doubtful Tsunami,,,,,,1,https://www.ngdc.noaa.gov/hazel/view/hazards/tsunami/event-more-info/3132
3145,1951-02-22T01:45:48.900000+00:00,-3.252,142.238,BISMARCK SEA,PAPUA NEW GUINEA,"New Caledonia, New Guinea, Solomon Is., Vanuatu",Earthquake,Questionable Tsunami,6.1,25.0,6.0,,,1,https://www.ngdc.noaa.gov/hazel/view/hazards/tsunami/event-more-info/3145
3226,1973-03-17T08:30:51.800000+00:00,13.4,122.8,QUEZON,PHILIPPINES,"China, North and South Korea, Philippines, Taiwan",Earthquake,Definite Tsunami,7.5,33.0,1.3,,15.0,3,https://www.ngdc.noaa.gov/hazel/view/hazards/tsunami/event-more-info/3226
3228,2007-09-12T11:10:26.800000+00:00,-4.438,101.367,SUMATRA,INDONESIA,Indian Ocean (including W. Australia and W. Indonesia),Earthquake,Definite Tsunami,8.4,34.0,5.0,,25.0,56,https://www.ngdc.noaa.gov/hazel/view/hazards/tsunami/event-more-info/3228
3382,2008-02-25T08:36:33+00:00,-2.486,99.972,SUMATRA,INDONESIA,Indian Ocean (including W. Australia and W. Indonesia),Earthquake,Definite Tsunami,6.5,25.0,0.12,,,1,https://www.ngdc.noaa.gov/hazel/view/hazards/tsunami/event-more-info/3382
3511,1919-04-03T00:00:00+00:00,3.138,125.491,SULAWESI,INDONESIA,E. Indonesia and Malaysia,Volcano,Very Doubtful Tsunami,,,5.0,,,0,https://www.ngdc.noaa.gov/hazel/view/hazards/tsunami/event-more-info/3511
3623,2008-11-16T17:02:32.700000+00:00,1.271,122.091,SULAWESI,INDONESIA,E. Indonesia and Malaysia,Earthquake,Definite Tsunami,7.3,30.0,0.13,,6.0,3,https://www.ngdc.noaa.gov/hazel/view/hazards/tsunami/event-more-info/3623
3647,2009-01-03T19:43:50.600000+00:00,-0.414,132.885,NEAR NORTH COAST,INDONESIA,E. Indonesia and Malaysia,Earthquake,Definite Tsunami,7.6,17.0,0.39,,5.0,24,https://www.ngdc.noaa.gov/hazel/view/hazards/tsunami/event-more-info/3647
3649,2009-01-03T22:33:40.200000+00:00,-0.691,133.305,NEAR NORTH COAST,INDONESIA,E. Indonesia and Malaysia,Earthquake,Probable Tsunami,7.3,23.0,,,,0,https://www.ngdc.noaa.gov/hazel/view/hazards/tsunami/event-more-info/3649
3682,1796-11-05T06:00:00+00:00,16.0,119.5,LUZON ISLAND,PHILIPPINES,"China, North and South Korea, Philippines, Taiwan",Earthquake,Very Doubtful Tsunami,,,,,,0,https://www.ngdc.noaa.gov/hazel/view/hazards/tsunami/event-more-info/3682
3692,2009-02-11T17:34:50.800000+00:00,3.884,126.397,CELEBES SEA,INDONESIA,E. Indonesia and Malaysia,Earthquake,Definite Tsunami,7.2,22.0,0.13,,,1,https://www.ngdc.noaa.gov/hazel/view/hazards/tsunami/event-more-info/3692
4314,1893-06-21T06:50:00+00:00,6.9,125.8,AGUSAN RIVER,PHILIPPINES,"China, North and South Korea, Philippines, Taiwan",Earthquake,Event that only caused a seiche,,,,,,1,https://www.ngdc.noaa.gov/hazel/view/hazards/tsunami/event-more-info/4314
4417,1929-11-09T00:00:00+00:00,4.633,95.567,"TJALANG, N.W. SUMATRA",INDONESIA,Indian Ocean (including W. Australia and W. Indonesia),Unknown,Questionable Tsunami,,,,,6.0,1,https://www.ngdc.noaa.gov/hazel/view/hazards/tsunami/event-more-info/4417
4419,2009-08-10T19:55:35.600000+00:00,14.099,92.888,ANDAMAN ISLANDS,INDIA,Indian Ocean (including W. Australia and W. Indonesia),Earthquake,Probable Tsunami,7.5,5.0,0.01,,,1,https://www.ngdc.noaa.gov/hazel/view/hazards/tsunami/event-more-info/4419
4441,2009-09-30T10:16:09.200000+00:00,-0.72,99.867,SUMATRA,INDONESIA,Indian Ocean (including W. Australia and W. Indonesia),Earthquake,Definite Tsunami,7.5,81.0,0.27,,1117.0,1,https://www.ngdc.noaa.gov/hazel/view/hazards/tsunami/event-more-info/4441
4482,2009-08-16T07:38:21.700000+00:00,-1.479,99.49,SUMATRA,INDONESIA,Indian Ocean (including W. Australia and W. Indonesia),Earthquake,Definite Tsunami,6.7,20.0,0.18,,,1,https://www.ngdc.noaa.gov/hazel/view/hazards/tsunami/event-more-info/4482
4702,1983-08-17T00:00:00+00:00,-8.54,123.59,LESSER SUNDA ISLANDS,INDONESIA,Indian Ocean (including W. Australia and W. Indonesia),Volcano,Very Doubtful Tsunami,,,,,,0,https://www.ngdc.noaa.gov/hazel/view/hazards/tsunami/event-more-info/4702
4763,2010-04-06T22:15:01.500000+00:00,2.383,97.048,SUMATRA,INDONESIA,Indian Ocean (including W. Australia and W. Indonesia),Earthquake,Definite Tsunami,7.8,31.0,0.44,,,6,https://www.ngdc.noaa.gov/hazel/view/hazards/tsunami/event-more-info/4763
4862,1899-01-17T00:00:00+00:00,-12.4,130.7,NORTHERN AUSTRALIA,AUSTRALIA,Indian Ocean (including W. Australia and W. Indonesia),Earthquake,Very Doubtful Tsunami,,,1.8,,,1,https://www.ngdc.noaa.gov/hazel/view/hazards/tsunami/event-more-info/4862
4902,2010-06-12T19:26:50.400000+00:00,7.881,91.936,LITTLE NICOBAR ISLAND,INDIA,Indian Ocean (including W. Australia and W. Indonesia),Earthquake,Definite Tsunami,7.5,35.0,0.03,,,2,https://www.ngdc.noaa.gov/hazel/view/hazards/tsunami/event-more-info/4902
5342,2010-10-25T14:42:22+00:00,-3.487,100.082,SUMATRA,INDONESIA,Indian Ocean (including W. Australia and W. Indonesia),Earthquake,Definite Tsunami,7.8,20.0,16.9,,431.0,358,https://www.ngdc.noaa.gov/hazel/view/hazards/tsunami/event-more-info/5342
5343,2010-08-13T21:19:33+00:00,12.484,141.476,"GUAM, MARIANA ISLANDS",USA TERRITORY,"E. Australia, New Zealand, South Pacific Is.",Earthquake,Definite Tsunami,6.9,10.0,0.07,,,1,https://www.ngdc.noaa.gov/hazel/view/hazards/tsunami/event-more-info/5343
5440,1990-02-08T07:15:32.200000+00:00,9.755,124.694,PHILIPPINES,PHILIPPINES,"China, North and South Korea, Philippines, Taiwan",Earthquake,Definite Tsunami,6.6,26.0,2.1,,6.0,14,https://www.ngdc.noaa.gov/hazel/view/hazards/tsunami/event-more-info/5440
5449,2012-04-11T08:38:36.700000+00:00,2.327,93.063,OFF W. COAST OF N SUMATRA,INDONESIA,Indian Ocean (including W. Australia and W. Indonesia),Earthquake,Definite Tsunami,8.6,20.0,1.08,,10.0,25,https://www.ngdc.noaa.gov/hazel/view/hazards/tsunami/event-more-info/5449
5450,2012-04-11T10:43:10.800000+00:00,0.802,92.463,OFF W. COAST OF N SUMATRA,INDONESIA,Indian Ocean (including W. Australia and W. Indonesia),Earthquake,Definite Tsunami,8.2,25.0,,,,4,https://www.ngdc.noaa.gov/hazel/view/hazards/tsunami/event-more-info/5450
5454,1852-01-09T00:00:00+00:00,-6.5,105.5,JAVA,INDONESIA,Indian Ocean (including W. Australia and W. Indonesia),Earthquake,Probable Tsunami,6.5,150.0,,0.5,,1,https://www.ngdc.noaa.gov/hazel/view/hazards/tsunami/event-more-info/5454
5455,1897-09-20T19:06:00+00:00,6.0,122.0,SULU SEA,PHILIPPINES,"China, North and South Korea, Philippines, Taiwan",Earthquake,Very Doubtful Tsunami,8.6,33.0,2.0,1.0,,1,https://www.ngdc.noaa.gov/hazel/view/hazards/tsunami/event-more-info/5455
5456,1897-10-18T23:48:00+00:00,12.0,126.0,SAMAR ISLAND,PHILIPPINES,"China, North and South Korea, Philippines, Taiwan",Earthquake,Probable Tsunami,8.1,33.0,,1.5,,2,https://www.ngdc.noaa.gov/hazel/view/hazards/tsunami/event-more-info/5456
5458,1883-05-20T00:00:00+00:00,-6.004,106.781,"HORN ISLAND [AYER ISLAND], JAKARTA",INDONESIA,Indian Ocean (including W. Australia and W. Indonesia),Unknown,Very Doubtful Tsunami,,,,1.0,,0,https://www.ngdc.noaa.gov/hazel/view/hazards/tsunami/event-more-info/5458
5459,1900-01-10T00:00:00+00:00,1.82,127.85,"GALELA, HALMAHERA ISLAND",INDONESIA,E. Indonesia and Malaysia,Earthquake,Very Doubtful Tsunami,,,,0.0,,1,https://www.ngdc.noaa.gov/hazel/view/hazards/tsunami/event-more-info/5459
5463,2012-08-31T12:47:33.300000+00:00,10.811,126.638,PHILIPPINE ISLANDS,PHILIPPINES,"China, North and South Korea, Philippines, Taiwan",Earthquake,Definite Tsunami,7.6,28.0,0.15,,1.0,18,https://www.ngdc.noaa.gov/hazel/view/hazards/tsunami/event-more-info/5463
5576,1994-06-04T00:57:50.600000+00:00,-10.777,113.366,SOUTH OF JAVA,INDONESIA,Indian Ocean (including W. Australia and W. Indonesia),Earthquake,Questionable Tsunami,6.5,11.0,,,,0,https://www.ngdc.noaa.gov/hazel/view/hazards/tsunami/event-more-info/5576
5578,2014-11-15T02:31:41.700000+00:00,1.893,126.522,N. MOLUCCAS ISLANDS,INDONESIA,E. Indonesia and Malaysia,Earthquake,Probable Tsunami,7.1,45.0,0.09,,,3,https://www.ngdc.noaa.gov/hazel/view/hazards/tsunami/event-more-info/5578
5598,2016-03-02T12:49:48.100000+00:00,-4.952,94.33,SW. SUMATRA,INDONESIA,Indian Ocean (including W. Australia and W. Indonesia),Earthquake,Definite Tsunami,7.8,24.0,0.21,,,13,https://www.ngdc.noaa.gov/hazel/view/hazards/tsunami/event-more-info/5598
5648,2017-04-28T20:23:17.300000+00:00,5.504,125.066,"SOCCSKSARGEN, PHILIPPINES",PHILIPPINES,"China, North and South Korea, Philippines, Taiwan",Earthquake,Definite Tsunami,6.9,26.0,0.2,,,1,https://www.ngdc.noaa.gov/hazel/view/hazards/tsunami/event-more-info/5648
5676,2018-02-09T00:00:00+00:00,-3.608,144.588,"KADOVAR ISLAND, PAPUA NEW GUINEA",PAPUA NEW GUINEA,"New Caledonia, New Guinea, Solomon Is., Vanuatu",Volcano,Definite Tsunami,,,1.0,,,1,https://www.ngdc.noaa.gov/hazel/view/hazards/tsunami/event-more-info/5676
5681,1877-09-01T00:00:00+00:00,10.8,108.3,BINH THUAN,VIETNAM,"China, North and South Korea, Philippines, Taiwan",Questionable Earthquake,Very Doubtful Tsunami,,,,,,1,https://www.ngdc.noaa.gov/hazel/view/hazards/tsunami/event-more-info/5681
5682,1882-07-01T00:00:00+00:00,10.8,108.1,BINH THUAN,VIETNAM,"China, North and South Korea, Philippines, Taiwan",Questionable Earthquake,Questionable Tsunami,,,,,,1,https://www.ngdc.noaa.gov/hazel/view/hazards/tsunami/event-more-info/5682
5685,2018-08-05T11:46:38.600000+00:00,-8.258,116.438,BALI SEA,INDONESIA,Indian Ocean (including W. Australia and W. Indonesia),Earthquake,Definite Tsunami,6.9,34.0,2.0,,560.0,6,https://www.ngdc.noaa.gov/hazel/view/hazards/tsunami/event-more-info/5685
5689,2018-09-28T10:02:45.300000+00:00,-0.256,119.846,SULAWESI,INDONESIA,E. Indonesia and Malaysia,Earthquake and Landslide,Definite Tsunami,7.5,20.0,10.73,,4340.0,291,https://www.ngdc.noaa.gov/hazel/view/hazards/tsunami/event-more-info/5689
5699,2018-12-22T13:55:00+00:00,-6.102,105.423,KRAKATAU,INDONESIA,Indian Ocean (including W. Australia and W. Indonesia),Volcano and Landslide,Definite Tsunami,,,85.0,,437.0,410,https://www.ngdc.noaa.gov/hazel/view/hazards/tsunami/event-more-info/5699
5720,1923-01-01T00:00:00+00:00,10.158,109.014,OFF COAST OF CENTRAL VIETNAM,VIETNAM,"China, North and South Korea, Philippines, Taiwan",Volcano and Earthquake,Questionable Tsunami,6.1,,,,,2,https://www.ngdc.noaa.gov/hazel/view/hazards/tsunami/event-more-info/5720
5733,2019-11-14T16:17:40+00:00,1.6,126.416,N. MOLUCCAS ISLANDS,INDONESIA,E. Indonesia and Malaysia,Earthquake,Definite Tsunami,7.1,33.0,0.11,,1.0,8,https://www.ngdc.noaa.gov/hazel/view/hazards/tsunami/event-more-info/5733
5734,2009-09-02T07:55:01+00:00,-7.782,107.297,JAVA SEA,INDONESIA,Indian Ocean (including W. Australia and W. Indonesia),Earthquake,Definite Tsunami,7.0,46.0,0.4,,81.0,2,https://www.ngdc.noaa.gov/hazel/view/hazards/tsunami/event-more-info/5734
5748,2020-05-29T05:30:00+00:00,-8.058,114.242,LESSER SUNDA: BALI: IJEN VOLCANO,INDONESIA,Indian Ocean (including W. Australia and W. Indonesia),Volcano and Earthquake,Questionable Tsunami,,,3.0,,1.0,1,https://www.ngdc.noaa.gov/hazel/view/hazards/tsunami/event-more-info/5748
5749,1867-06-10T00:00:00+00:00,-7.8,110.4,JAVA,INDONESIA,Indian Ocean (including W. Australia and W. Indonesia),Earthquake,Very Doubtful Tsunami,,,,,5.0,0,https://www.ngdc.noaa.gov/hazel/view/hazards/tsunami/event-more-info/5749
5754,1646-07-19T00:00:00+00:00,0.32,127.4,N. MOLUCCAS ISLANDS,INDONESIA,E. Indonesia and Malaysia,Volcano and Earthquake,Very Doubtful Tsunami,,,1.5,,,0,https://www.ngdc.noaa.gov/hazel/view/hazards/tsunami/event-more-info/5754
5759,1981-10-20T00:00:00+00:00,-6.102,105.423,KRAKATAU,INDONESIA,Indian Ocean (including W. Australia and W. Indonesia),Volcano and Landslide,Probable Tsunami,,,2.0,,,1,https://www.ngdc.noaa.gov/hazel/view/hazards/tsunami/event-more-info/5759
5761,1973-12-01T00:00:00+00:00,-8.54,123.59,LESSER SUNDA ISLANDS,INDONESIA,Indian Ocean (including W. Australia and W. Indonesia),Volcano,Very Doubtful Tsunami,,,,,2.0,0,https://www.ngdc.noaa.gov/hazel/view/hazards/tsunami/event-more-info/5761
5778,2018-07-28T22:47:38.700000+00:00,-8.24,116.508,BALI SEA,INDONESIA,Indian Ocean (including W. Australia and W. Indonesia),Earthquake,Probable Tsunami,6.4,14.0,2.5,,17.0,2,https://www.ngdc.noaa.gov/hazel/view/hazards/tsunami/event-more-info/5778
5779,2017-11-05T09:00:00+00:00,15.317,108.249,QUANG NAM,VIETNAM,"China, North and South Korea, Philippines, Taiwan",Landslide,Probable Tsunami,,,8.5,,1.0,1,https://www.ngdc.noaa.gov/hazel/view/hazards/tsunami/event-more-info/5779
5788,2021-06-16T04:43:07+00:00,-3.593,129.503,BANDA SEA,INDONESIA,E. Indonesia and Malaysia,Earthquake and Landslide,Definite Tsunami,5.8,10.0,1.5,,,6,https://www.ngdc.noaa.gov/hazel/view/hazards/tsunami/event-more-info/5788
5801,2021-08-11T17:46:14+00:00,6.455,126.742,"MINDANAO ISLAND, PHILIPPINES",PHILIPPINES,"China, North and South Korea, Philippines, Taiwan",Earthquake,Definite Tsunami,7.1,65.0,0.05,,1.0,2,https://www.ngdc.noaa.gov/hazel/view/hazards/tsunami/event-more-info/5801
5816,2018-08-19T04:11:04+00:00,-8.337,116.599,BALI SEA,INDONESIA,Indian Ocean (including W. Australia and W. Indonesia),Earthquake,Probable Tsunami,6.3,16.0,,,2.0,0,https://www.ngdc.noaa.gov/hazel/view/hazards/tsunami/event-more-info/5816
5822,2021-12-14T03:20:24+00:00,-7.603,122.2,FLORES SEA,INDONESIA,Indian Ocean (including W. Australia and W. Indonesia),Earthquake,Definite Tsunami,7.3,18.0,0.6,,,7,https://www.ngdc.noaa.gov/hazel/view/hazards/tsunami/event-more-info/5822
5863,1550-01-01T00:00:00+00:00,0.32,127.4,N. MOLUCCAS ISLANDS,INDONESIA,E. Indonesia and Malaysia,Volcano,Very Doubtful Tsunami,,,,,,0,https://www.ngdc.noaa.gov/hazel/view/hazards/tsunami/event-more-info/5863
5870,2019-08-02T12:03:27+00:00,-7.282,104.791,W. JAVA,INDONESIA,Indian Ocean (including W. Australia and W. Indonesia),Earthquake,Questionable Tsunami,6.9,49.0,,,8.0,6,https://www.ngdc.noaa.gov/hazel/view/hazards/tsunami/event-more-info/5870
5871,2023-01-09T17:47:35+00:00,-7.049,130.038,SOUTH MALUKU,INDONESIA,E. Indonesia and Malaysia,Earthquake,Definite Tsunami,7.6,105.0,0.09,,1.0,2,https://www.ngdc.noaa.gov/hazel/view/hazards/tsunami/event-more-info/5871
5878,2023-04-24T20:00:57+00:00,-0.799,98.524,SW. SUMATRA,INDONESIA,Indian Ocean (including W. Australia and W. Indonesia),Earthquake,Definite Tsunami,7.1,34.0,0.11,,,1,https://www.ngdc.noaa.gov/hazel/view/hazards/tsunami/event-more-info/5878
5903,2023-12-02T14:37:03+00:00,8.527,126.449,E. MINDANAO ISLAND,PHILIPPINES,"China, North and South Korea, Philippines, Taiwan",Earthquake,Definite Tsunami,7.6,32.0,0.32,,3.0,52,https://www.ngdc.noaa.gov/hazel/view/hazards/tsunami/event-more-info/5903
5914,2022-04-12T07:00:00+00:00,10.715,125.04,"ABUYOG, LEYTE",PHILIPPINES,"China, North and South Korea, Philippines, Taiwan",Landslide,Probable Tsunami,,,12.0,,170.0,0,https://www.ngdc.noaa.gov/hazel/view/hazards/tsunami/event-more-info/5914
5937,1896-04-18T00:00:00+00:00,-8.25,124.75,TIMOR ISLAND,INDONESIA,Indian Ocean (including W. Australia and W. Indonesia),Earthquake,Very Doubtful Tsunami,,,,,250.0,0,https://www.ngdc.noaa.gov/hazel/view/hazards/tsunami/event-more-info/5937
5976,2022-11-18T13:37:08+00:00,-4.904,100.786,SW. SUMATRA,INDONESIA,Indian Ocean (including W. Australia and W. Indonesia),Earthquake,Definite Tsunami,6.9,25.0,0.25,,,4,https://www.ngdc.noaa.gov/hazel/view/hazards/tsunami/event-more-info/5976
5977,1975-03-05T00:22:19+00:00,-2.444,126.145,SANANA ISLAND,INDONESIA,E. Indonesia and Malaysia,Earthquake,Probable Tsunami,6.6,33.0,1.2,,,1,https://www.ngdc.noaa.gov/hazel/view/hazards/tsunami/event-more-info/5977
5993,2012-02-06T03:49:12.500000+00:00,9.999,123.206,TANON STRAIT,PHILIPPINES,"China, North and South Korea, Philippines, Taiwan",Earthquake,Definite Tsunami,6.7,11.0,5.0,,51.0,32,https://www.ngdc.noaa.gov/hazel/view/hazards/tsunami/event-more-info/5993
5995,2003-02-15T11:01:59+00:00,12.168,124.079,SAMAR SEA,PHILIPPINES,"China, North and South Korea, Philippines, Taiwan",Earthquake and Landslide,Probable Tsunami,6.3,10.0,1.0,,,1,https://www.ngdc.noaa.gov/hazel/view/hazards/tsunami/event-more-info/5995
5997,1990-07-16T07:26:34.600000+00:00,15.679,121.172,W. LUZON ISLAND,PHILIPPINES,"China, North and South Korea, Philippines, Taiwan",Earthquake,Probable Tsunami,7.8,25.0,2.0,,2412.0,1,https://www.ngdc.noaa.gov/hazel/view/hazards/tsunami/event-more-info/5997
5998,1999-12-11T18:03:36.400000+00:00,15.766,119.74,LUZON ISLAND,PHILIPPINES,"China, North and South Korea, Philippines, Taiwan",Earthquake,Probable Tsunami,7.3,,1.5,,5.0,2,https://www.ngdc.noaa.gov/hazel/view/hazards/tsunami/event-more-info/5998
6004,1922-09-01T13:10:00+00:00,9.0,123.3,NEGROS ISLAND,PHILIPPINES,"China, North and South Korea, Philippines, Taiwan",Earthquake,Questionable Tsunami,6.0,,,,,1,https://www.ngdc.noaa.gov/hazel/view/hazards/tsunami/event-more-info/6004
6009,1897-05-13T11:22:00+00:00,12.0,124.0,SAMAR SEA,PHILIPPINES,"China, North and South Korea, Philippines, Taiwan",Earthquake,Very Doubtful Tsunami,,,,,,1,https://www.ngdc.noaa.gov/hazel/view/hazards/tsunami/event-more-info/6009
6010,1897-01-03T00:00:00+00:00,6.0,122.7,CELEBES SEA,PHILIPPINES,"China, North and South Korea, Philippines, Taiwan",Questionable Earthquake,Very Doubtful Tsunami,8.2,,,,100.0,0,https://www.ngdc.noaa.gov/hazel/view/hazards/tsunami/event-more-info/6010
6028,1932-05-14T13:11:03.800000+00:00,0.386,125.884,NORTH SULAWESI,INDONESIA,E. Indonesia and Malaysia,Earthquake,Probable Tsunami,7.7,15.0,,,7.0,1,https://www.ngdc.noaa.gov/hazel/view/hazards/tsunami/event-more-info/6028
6036,1999-04-20T00:00:00+00:00,-5.876,143.568,KASU CONE,PAPUA NEW GUINEA,"New Caledonia, New Guinea, Solomon Is., Vanuatu",Landslide,Definite Tsunami,,,15.0,,1.0,0,https://www.ngdc.noaa.gov/hazel/view/hazards/tsunami/event-more-info/6036
6046,2025-08-16T22:38:52+00:00,-1.282,120.727,SULAWESI,INDONESIA,E. Indonesia and Malaysia,Earthquake,Probable Tsunami,5.8,8.0,0.02,,2.0,1,https://www.ngdc.noaa.gov/hazel/view/hazards/tsunami/event-more-info/6046
6067,2025-10-10T01:43:59+00:00,7.287,126.69,"MINDANAO ISLAND, PHILIPPINES",PHILIPPINES,"China, North and South Korea, Philippines, Taiwan",Earthquake,Definite Tsunami,7.4,59.0,0.3,,10.0,6,https://www.ngdc.noaa.gov/hazel/view/hazards/tsunami/event-more-info/6067
6140,1910-04-12T00:41:00+00:00,-10.15,132.45,NORTHERN AUSTRALIA,AUSTRALIA,"E. Australia, New Zealand, South Pacific Is.",Earthquake,Probable Tsunami,,,2.1,,,1,https://www.ngdc.noaa.gov/hazel/view/hazards/tsunami/event-more-info/6140
